Command line invocation:
    /Applications/Xcode.app/Contents/Developer/usr/bin/xcodebuild -scheme HairCure build -destination generic/platform=iOS

Resolve Package Graph


Resolved source packages:
  swift-crypto: https://github.com/apple/swift-crypto.git @ 4.4.0
  Promises: https://github.com/google/promises.git @ 2.4.1
  InteropForGoogle: https://github.com/google/interop-ios-for-google-sdks.git @ 101.0.0
  Supabase: https://github.com/supabase/supabase-swift @ 2.44.0
  AppAuth: https://github.com/openid/AppAuth-iOS.git @ 2.1.0
  swift-clocks: https://github.com/pointfreeco/swift-clocks @ 1.0.6
  GoogleSignIn: https://github.com/google/GoogleSignIn-iOS @ 9.1.0
  swift-asn1: https://github.com/apple/swift-asn1.git @ 1.7.0
  swift-http-types: https://github.com/apple/swift-http-types.git @ 1.5.1
  GoogleUtilities: https://github.com/google/GoogleUtilities.git @ 8.1.1
  AppCheck: https://github.com/google/app-check.git @ 11.3.0
  GTMAppAuth: https://github.com/google/GTMAppAuth.git @ 5.0.0
  xctest-dynamic-overlay: https://github.com/pointfreeco/xctest-dynamic-overlay @ 1.9.0
  GTMSessionFetcher: https://github.com/google/gtm-session-fetcher.git @ 3.5.0
  swift-concurrency-extras: https://github.com/pointfreeco/swift-concurrency-extras @ 1.3.2

2026-06-16 14:24:30.560 xcodebuild[6057:99910] [MT] IDERunDestination: Supported platforms for the buildables in the current scheme is empty.
ComputePackagePrebuildTargetDependencyGraph

Prepare packages

CreateBuildRequest

SendProjectDescription

CreateBuildOperation

ComputeTargetDependencyGraph
note: Building targets in dependency order
note: Target dependency graph (58 targets)
    Target 'HairCure' in project 'HairCure'
        ➜ Explicit dependency on target 'GoogleSignIn' in project 'GoogleSignIn'
        ➜ Explicit dependency on target 'Supabase' in project 'Supabase'
        ➜ Explicit dependency on target 'Storage' in project 'Supabase'
        ➜ Explicit dependency on target 'GoogleSignInSwift' in project 'GoogleSignIn'
        ➜ Explicit dependency on target 'Functions' in project 'Supabase'
        ➜ Explicit dependency on target 'Auth' in project 'Supabase'
    Target 'Auth' in project 'Supabase'
        ➜ Explicit dependency on target 'Auth' in project 'Supabase'
        ➜ Explicit dependency on target 'Helpers' in project 'Supabase'
        ➜ Explicit dependency on target 'ConcurrencyExtras' in project 'swift-concurrency-extras'
        ➜ Explicit dependency on target 'HTTPTypes' in project 'swift-http-types'
        ➜ Explicit dependency on target 'Clocks' in project 'swift-clocks'
        ➜ Explicit dependency on target 'XCTestDynamicOverlay' in project 'xctest-dynamic-overlay'
        ➜ Explicit dependency on target 'Crypto' in project 'swift-crypto'
    Target 'Functions' in project 'Supabase'
        ➜ Explicit dependency on target 'Functions' in project 'Supabase'
        ➜ Explicit dependency on target 'Helpers' in project 'Supabase'
        ➜ Explicit dependency on target 'ConcurrencyExtras' in project 'swift-concurrency-extras'
        ➜ Explicit dependency on target 'HTTPTypes' in project 'swift-http-types'
        ➜ Explicit dependency on target 'Clocks' in project 'swift-clocks'
        ➜ Explicit dependency on target 'XCTestDynamicOverlay' in project 'xctest-dynamic-overlay'
    Target 'GoogleSignInSwift' in project 'GoogleSignIn'
        ➜ Explicit dependency on target 'GoogleSignInSwift' in project 'GoogleSignIn'
        ➜ Explicit dependency on target 'GoogleSignIn_GoogleSignInSwift' in project 'GoogleSignIn'
        ➜ Explicit dependency on target 'GoogleSignIn' in project 'GoogleSignIn'
        ➜ Explicit dependency on target 'AppAuth' in project 'AppAuth'
        ➜ Explicit dependency on target 'AppAuthCore' in project 'AppAuth'
        ➜ Explicit dependency on target 'AppCheckCore' in project 'AppCheck'
        ➜ Explicit dependency on target 'GTMAppAuth' in project 'GTMAppAuth'
        ➜ Explicit dependency on target 'GTMSessionFetcherCore' in project 'GTMSessionFetcher'
    Target 'GoogleSignInSwift' in project 'GoogleSignIn'
        ➜ Explicit dependency on target 'GoogleSignIn_GoogleSignInSwift' in project 'GoogleSignIn'
        ➜ Explicit dependency on target 'GoogleSignIn' in project 'GoogleSignIn'
        ➜ Explicit dependency on target 'AppAuth' in project 'AppAuth'
        ➜ Explicit dependency on target 'AppAuthCore' in project 'AppAuth'
        ➜ Explicit dependency on target 'AppCheckCore' in project 'AppCheck'
        ➜ Explicit dependency on target 'GTMAppAuth' in project 'GTMAppAuth'
        ➜ Explicit dependency on target 'GTMSessionFetcherCore' in project 'GTMSessionFetcher'
    Target 'GoogleSignIn_GoogleSignInSwift' in project 'GoogleSignIn' (no dependencies)
    Target 'Storage' in project 'Supabase'
        ➜ Explicit dependency on target 'Storage' in project 'Supabase'
        ➜ Explicit dependency on target 'Helpers' in project 'Supabase'
        ➜ Explicit dependency on target 'ConcurrencyExtras' in project 'swift-concurrency-extras'
        ➜ Explicit dependency on target 'HTTPTypes' in project 'swift-http-types'
        ➜ Explicit dependency on target 'Clocks' in project 'swift-clocks'
        ➜ Explicit dependency on target 'XCTestDynamicOverlay' in project 'xctest-dynamic-overlay'
    Target 'Supabase' in project 'Supabase'
        ➜ Explicit dependency on target 'Supabase' in project 'Supabase'
        ➜ Explicit dependency on target 'Helpers' in project 'Supabase'
        ➜ Explicit dependency on target 'Auth' in project 'Supabase'
        ➜ Explicit dependency on target 'Functions' in project 'Supabase'
        ➜ Explicit dependency on target 'PostgREST' in project 'Supabase'
        ➜ Explicit dependency on target 'Realtime' in project 'Supabase'
        ➜ Explicit dependency on target 'Storage' in project 'Supabase'
        ➜ Explicit dependency on target 'ConcurrencyExtras' in project 'swift-concurrency-extras'
        ➜ Explicit dependency on target 'HTTPTypes' in project 'swift-http-types'
        ➜ Explicit dependency on target 'Clocks' in project 'swift-clocks'
        ➜ Explicit dependency on target 'XCTestDynamicOverlay' in project 'xctest-dynamic-overlay'
        ➜ Explicit dependency on target 'Crypto' in project 'swift-crypto'
        ➜ Explicit dependency on target 'IssueReporting' in project 'xctest-dynamic-overlay'
    Target 'Supabase' in project 'Supabase'
        ➜ Explicit dependency on target 'Helpers' in project 'Supabase'
        ➜ Explicit dependency on target 'Auth' in project 'Supabase'
        ➜ Explicit dependency on target 'Functions' in project 'Supabase'
        ➜ Explicit dependency on target 'PostgREST' in project 'Supabase'
        ➜ Explicit dependency on target 'Realtime' in project 'Supabase'
        ➜ Explicit dependency on target 'Storage' in project 'Supabase'
        ➜ Explicit dependency on target 'ConcurrencyExtras' in project 'swift-concurrency-extras'
        ➜ Explicit dependency on target 'HTTPTypes' in project 'swift-http-types'
        ➜ Explicit dependency on target 'Clocks' in project 'swift-clocks'
        ➜ Explicit dependency on target 'XCTestDynamicOverlay' in project 'xctest-dynamic-overlay'
        ➜ Explicit dependency on target 'Crypto' in project 'swift-crypto'
        ➜ Explicit dependency on target 'IssueReporting' in project 'xctest-dynamic-overlay'
    Target 'Storage' in project 'Supabase'
        ➜ Explicit dependency on target 'Helpers' in project 'Supabase'
        ➜ Explicit dependency on target 'ConcurrencyExtras' in project 'swift-concurrency-extras'
        ➜ Explicit dependency on target 'HTTPTypes' in project 'swift-http-types'
        ➜ Explicit dependency on target 'Clocks' in project 'swift-clocks'
        ➜ Explicit dependency on target 'XCTestDynamicOverlay' in project 'xctest-dynamic-overlay'
    Target 'Realtime' in project 'Supabase'
        ➜ Explicit dependency on target 'Helpers' in project 'Supabase'
        ➜ Explicit dependency on target 'ConcurrencyExtras' in project 'swift-concurrency-extras'
        ➜ Explicit dependency on target 'HTTPTypes' in project 'swift-http-types'
        ➜ Explicit dependency on target 'Clocks' in project 'swift-clocks'
        ➜ Explicit dependency on target 'XCTestDynamicOverlay' in project 'xctest-dynamic-overlay'
        ➜ Explicit dependency on target 'IssueReporting' in project 'xctest-dynamic-overlay'
    Target 'PostgREST' in project 'Supabase'
        ➜ Explicit dependency on target 'Helpers' in project 'Supabase'
        ➜ Explicit dependency on target 'ConcurrencyExtras' in project 'swift-concurrency-extras'
        ➜ Explicit dependency on target 'HTTPTypes' in project 'swift-http-types'
        ➜ Explicit dependency on target 'Clocks' in project 'swift-clocks'
        ➜ Explicit dependency on target 'XCTestDynamicOverlay' in project 'xctest-dynamic-overlay'
    Target 'Functions' in project 'Supabase'
        ➜ Explicit dependency on target 'Helpers' in project 'Supabase'
        ➜ Explicit dependency on target 'ConcurrencyExtras' in project 'swift-concurrency-extras'
        ➜ Explicit dependency on target 'HTTPTypes' in project 'swift-http-types'
        ➜ Explicit dependency on target 'Clocks' in project 'swift-clocks'
        ➜ Explicit dependency on target 'XCTestDynamicOverlay' in project 'xctest-dynamic-overlay'
    Target 'Auth' in project 'Supabase'
        ➜ Explicit dependency on target 'Helpers' in project 'Supabase'
        ➜ Explicit dependency on target 'ConcurrencyExtras' in project 'swift-concurrency-extras'
        ➜ Explicit dependency on target 'HTTPTypes' in project 'swift-http-types'
        ➜ Explicit dependency on target 'Clocks' in project 'swift-clocks'
        ➜ Explicit dependency on target 'XCTestDynamicOverlay' in project 'xctest-dynamic-overlay'
        ➜ Explicit dependency on target 'Crypto' in project 'swift-crypto'
    Target 'Crypto' in project 'swift-crypto'
        ➜ Explicit dependency on target 'Crypto' in project 'swift-crypto'
        ➜ Explicit dependency on target 'swift-crypto_Crypto' in project 'swift-crypto'
    Target 'Crypto' in project 'swift-crypto'
        ➜ Explicit dependency on target 'swift-crypto_Crypto' in project 'swift-crypto'
    Target 'swift-crypto_Crypto' in project 'swift-crypto' (no dependencies)
    Target 'Helpers' in project 'Supabase'
        ➜ Explicit dependency on target 'ConcurrencyExtras' in project 'swift-concurrency-extras'
        ➜ Explicit dependency on target 'HTTPTypes' in project 'swift-http-types'
        ➜ Explicit dependency on target 'Clocks' in project 'swift-clocks'
        ➜ Explicit dependency on target 'XCTestDynamicOverlay' in project 'xctest-dynamic-overlay'
    Target 'XCTestDynamicOverlay' in project 'xctest-dynamic-overlay'
        ➜ Explicit dependency on target 'XCTestDynamicOverlay' in project 'xctest-dynamic-overlay'
        ➜ Explicit dependency on target 'IssueReportingPackageSupport' in project 'xctest-dynamic-overlay'
        ➜ Explicit dependency on target 'IssueReporting' in project 'xctest-dynamic-overlay'
    Target 'XCTestDynamicOverlay' in project 'xctest-dynamic-overlay'
        ➜ Explicit dependency on target 'IssueReportingPackageSupport' in project 'xctest-dynamic-overlay'
        ➜ Explicit dependency on target 'IssueReporting' in project 'xctest-dynamic-overlay'
    Target 'Clocks' in project 'swift-clocks'
        ➜ Explicit dependency on target 'Clocks' in project 'swift-clocks'
        ➜ Explicit dependency on target 'ConcurrencyExtras' in project 'swift-concurrency-extras'
        ➜ Explicit dependency on target 'IssueReporting' in project 'xctest-dynamic-overlay'
    Target 'Clocks' in project 'swift-clocks'
        ➜ Explicit dependency on target 'ConcurrencyExtras' in project 'swift-concurrency-extras'
        ➜ Explicit dependency on target 'IssueReporting' in project 'xctest-dynamic-overlay'
    Target 'IssueReporting' in project 'xctest-dynamic-overlay'
        ➜ Explicit dependency on target 'IssueReporting' in project 'xctest-dynamic-overlay'
        ➜ Explicit dependency on target 'IssueReportingPackageSupport' in project 'xctest-dynamic-overlay'
    Target 'IssueReporting' in project 'xctest-dynamic-overlay'
        ➜ Explicit dependency on target 'IssueReportingPackageSupport' in project 'xctest-dynamic-overlay'
    Target 'IssueReportingPackageSupport' in project 'xctest-dynamic-overlay' (no dependencies)
    Target 'HTTPTypes' in project 'swift-http-types'
        ➜ Explicit dependency on target 'HTTPTypes' in project 'swift-http-types'
    Target 'HTTPTypes' in project 'swift-http-types' (no dependencies)
    Target 'ConcurrencyExtras' in project 'swift-concurrency-extras'
        ➜ Explicit dependency on target 'ConcurrencyExtras' in project 'swift-concurrency-extras'
    Target 'ConcurrencyExtras' in project 'swift-concurrency-extras' (no dependencies)
    Target 'GoogleSignIn' in project 'GoogleSignIn'
        ➜ Explicit dependency on target 'GoogleSignIn' in project 'GoogleSignIn'
        ➜ Explicit dependency on target 'GoogleSignIn_GoogleSignIn' in project 'GoogleSignIn'
        ➜ Explicit dependency on target 'AppAuth' in project 'AppAuth'
        ➜ Explicit dependency on target 'AppAuthCore' in project 'AppAuth'
        ➜ Explicit dependency on target 'AppCheckCore' in project 'AppCheck'
        ➜ Explicit dependency on target 'GTMAppAuth' in project 'GTMAppAuth'
        ➜ Explicit dependency on target 'GTMSessionFetcherCore' in project 'GTMSessionFetcher'
    Target 'GoogleSignIn' in project 'GoogleSignIn'
        ➜ Explicit dependency on target 'GoogleSignIn_GoogleSignIn' in project 'GoogleSignIn'
        ➜ Explicit dependency on target 'AppAuth' in project 'AppAuth'
        ➜ Explicit dependency on target 'AppAuthCore' in project 'AppAuth'
        ➜ Explicit dependency on target 'AppCheckCore' in project 'AppCheck'
        ➜ Explicit dependency on target 'GTMAppAuth' in project 'GTMAppAuth'
        ➜ Explicit dependency on target 'GTMSessionFetcherCore' in project 'GTMSessionFetcher'
    Target 'GTMAppAuth' in project 'GTMAppAuth'
        ➜ Explicit dependency on target 'GTMAppAuth' in project 'GTMAppAuth'
        ➜ Explicit dependency on target 'GTMAppAuth_GTMAppAuth' in project 'GTMAppAuth'
        ➜ Explicit dependency on target 'GTMSessionFetcherCore' in project 'GTMSessionFetcher'
        ➜ Explicit dependency on target 'AppAuthCore' in project 'AppAuth'
    Target 'GTMAppAuth' in project 'GTMAppAuth'
        ➜ Explicit dependency on target 'GTMAppAuth_GTMAppAuth' in project 'GTMAppAuth'
        ➜ Explicit dependency on target 'GTMSessionFetcherCore' in project 'GTMSessionFetcher'
        ➜ Explicit dependency on target 'AppAuthCore' in project 'AppAuth'
    Target 'GTMSessionFetcherCore' in project 'GTMSessionFetcher'
        ➜ Explicit dependency on target 'GTMSessionFetcherCore' in project 'GTMSessionFetcher'
        ➜ Explicit dependency on target 'GTMSessionFetcher_GTMSessionFetcherCore' in project 'GTMSessionFetcher'
    Target 'GTMSessionFetcherCore' in project 'GTMSessionFetcher'
        ➜ Explicit dependency on target 'GTMSessionFetcher_GTMSessionFetcherCore' in project 'GTMSessionFetcher'
    Target 'GTMSessionFetcher_GTMSessionFetcherCore' in project 'GTMSessionFetcher' (no dependencies)
    Target 'GTMAppAuth_GTMAppAuth' in project 'GTMAppAuth' (no dependencies)
    Target 'AppCheckCore' in project 'AppCheck'
        ➜ Explicit dependency on target 'AppCheckCore' in project 'AppCheck'
        ➜ Explicit dependency on target 'FBLPromises' in project 'Promises'
        ➜ Explicit dependency on target 'GULEnvironment' in project 'GoogleUtilities'
        ➜ Explicit dependency on target 'GULUserDefaults' in project 'GoogleUtilities'
    Target 'AppCheckCore' in project 'AppCheck'
        ➜ Explicit dependency on target 'FBLPromises' in project 'Promises'
        ➜ Explicit dependency on target 'GULEnvironment' in project 'GoogleUtilities'
        ➜ Explicit dependency on target 'GULUserDefaults' in project 'GoogleUtilities'
    Target 'GULUserDefaults' in project 'GoogleUtilities'
        ➜ Explicit dependency on target 'GoogleUtilities-UserDefaults' in project 'GoogleUtilities'
        ➜ Explicit dependency on target 'GoogleUtilities_GoogleUtilities-UserDefaults' in project 'GoogleUtilities'
        ➜ Explicit dependency on target 'third-party-IsAppEncrypted' in project 'GoogleUtilities'
        ➜ Explicit dependency on target 'GoogleUtilities-Environment' in project 'GoogleUtilities'
        ➜ Explicit dependency on target 'GoogleUtilities-Logger' in project 'GoogleUtilities'
    Target 'GoogleUtilities-UserDefaults' in project 'GoogleUtilities'
        ➜ Explicit dependency on target 'GoogleUtilities_GoogleUtilities-UserDefaults' in project 'GoogleUtilities'
        ➜ Explicit dependency on target 'third-party-IsAppEncrypted' in project 'GoogleUtilities'
        ➜ Explicit dependency on target 'GoogleUtilities-Environment' in project 'GoogleUtilities'
        ➜ Explicit dependency on target 'GoogleUtilities-Logger' in project 'GoogleUtilities'
    Target 'GoogleUtilities-Logger' in project 'GoogleUtilities'
        ➜ Explicit dependency on target 'GoogleUtilities_GoogleUtilities-Logger' in project 'GoogleUtilities'
        ➜ Explicit dependency on target 'third-party-IsAppEncrypted' in project 'GoogleUtilities'
        ➜ Explicit dependency on target 'GoogleUtilities-Environment' in project 'GoogleUtilities'
    Target 'GoogleUtilities_GoogleUtilities-Logger' in project 'GoogleUtilities' (no dependencies)
    Target 'GoogleUtilities_GoogleUtilities-UserDefaults' in project 'GoogleUtilities' (no dependencies)
    Target 'GULEnvironment' in project 'GoogleUtilities'
        ➜ Explicit dependency on target 'GoogleUtilities-Environment' in project 'GoogleUtilities'
        ➜ Explicit dependency on target 'GoogleUtilities_GoogleUtilities-Environment' in project 'GoogleUtilities'
        ➜ Explicit dependency on target 'third-party-IsAppEncrypted' in project 'GoogleUtilities'
    Target 'GoogleUtilities-Environment' in project 'GoogleUtilities'
        ➜ Explicit dependency on target 'GoogleUtilities_GoogleUtilities-Environment' in project 'GoogleUtilities'
        ➜ Explicit dependency on target 'third-party-IsAppEncrypted' in project 'GoogleUtilities'
    Target 'third-party-IsAppEncrypted' in project 'GoogleUtilities' (no dependencies)
    Target 'GoogleUtilities_GoogleUtilities-Environment' in project 'GoogleUtilities' (no dependencies)
    Target 'FBLPromises' in project 'Promises'
        ➜ Explicit dependency on target 'FBLPromises' in project 'Promises'
        ➜ Explicit dependency on target 'Promises_FBLPromises' in project 'Promises'
    Target 'FBLPromises' in project 'Promises'
        ➜ Explicit dependency on target 'Promises_FBLPromises' in project 'Promises'
    Target 'Promises_FBLPromises' in project 'Promises' (no dependencies)
    Target 'AppAuthCore' in project 'AppAuth'
        ➜ Explicit dependency on target 'AppAuthCore' in project 'AppAuth'
        ➜ Explicit dependency on target 'AppAuth_AppAuthCore' in project 'AppAuth'
    Target 'AppAuth' in project 'AppAuth'
        ➜ Explicit dependency on target 'AppAuth' in project 'AppAuth'
        ➜ Explicit dependency on target 'AppAuth_AppAuth' in project 'AppAuth'
        ➜ Explicit dependency on target 'AppAuthCore' in project 'AppAuth'
    Target 'AppAuth' in project 'AppAuth'
        ➜ Explicit dependency on target 'AppAuth_AppAuth' in project 'AppAuth'
        ➜ Explicit dependency on target 'AppAuthCore' in project 'AppAuth'
    Target 'AppAuthCore' in project 'AppAuth'
        ➜ Explicit dependency on target 'AppAuth_AppAuthCore' in project 'AppAuth'
    Target 'AppAuth_AppAuthCore' in project 'AppAuth' (no dependencies)
    Target 'AppAuth_AppAuth' in project 'AppAuth' (no dependencies)
    Target 'GoogleSignIn_GoogleSignIn' in project 'GoogleSignIn' (no dependencies)

GatherProvisioningInputs

CreateBuildDescription

ExecuteExternalTool /Applications/Xcode.app/Contents/Developer/Toolchains/XcodeDefault.xctoolchain/usr/bin/clang -v -E -dM -arch arm64 -isysroot /Applications/Xcode.app/Contents/Developer/Platforms/iPhoneOS.platform/Developer/SDKs/iPhoneOS26.5.sdk -x objective-c -c /dev/null

ExecuteExternalTool /Applications/Xcode.app/Contents/Developer/Toolchains/XcodeDefault.xctoolchain/usr/bin/swiftc --version

ExecuteExternalTool /Applications/Xcode.app/Contents/Developer/Toolchains/XcodeDefault.xctoolchain/usr/bin/clang -v -E -dM -isysroot /Applications/Xcode.app/Contents/Developer/Platforms/iPhoneOS.platform/Developer/SDKs/iPhoneOS26.5.sdk -x c -c /dev/null

ExecuteExternalTool /Applications/Xcode.app/Contents/Developer/Toolchains/XcodeDefault.xctoolchain/usr/bin/clang -v -E -dM -arch arm64 -isysroot /Applications/Xcode.app/Contents/Developer/Platforms/iPhoneOS.platform/Developer/SDKs/iPhoneOS26.5.sdk -x c -c /dev/null

ExecuteExternalTool /Applications/Xcode.app/Contents/Developer/usr/bin/actool --print-asset-tag-combinations --output-format xml1 /Users/chetankandpal/Documents/HairCare/HairCure1 2/haiRcure02/Assets.xcassets

ExecuteExternalTool /Applications/Xcode.app/Contents/Developer/Toolchains/XcodeDefault.xctoolchain/usr/bin/ld -version_details

ReadFileContents /Applications/Xcode.app/Contents/Developer/Toolchains/XcodeDefault.xctoolchain/usr/share/docc/features.json

ExecuteExternalTool /Applications/Xcode.app/Contents/Developer/usr/bin/actool --version --output-format xml1

Build description signature: a41ede64577d83ae90b78c59df961916
Build description path: /Users/chetankandpal/Library/Developer/Xcode/DerivedData/HairCure-bxfcalgpcrztptgmhmqbpxojsmjd/Build/Intermediates.noindex/XCBuildData/a41ede64577d83ae90b78c59df961916.xcbuilddata
ClangStatCache /Applications/Xcode.app/Contents/Developer/Toolchains/XcodeDefault.xctoolchain/usr/bin/clang-stat-cache /Applications/Xcode.app/Contents/Developer/Platforms/iPhoneOS.platform/Developer/SDKs/iPhoneOS26.5.sdk /Users/chetankandpal/Library/Developer/Xcode/DerivedData/SDKStatCaches.noindex/iphoneos26.5-23F73-32daed1954a7d5dd0789fcaf2a9bb78b.sdkstatcache
    cd /Users/chetankandpal/Documents/HairCare/HairCure1\ 2/HairCure.xcodeproj
    /Applications/Xcode.app/Contents/Developer/Toolchains/XcodeDefault.xctoolchain/usr/bin/clang-stat-cache /Applications/Xcode.app/Contents/Developer/Platforms/iPhoneOS.platform/Developer/SDKs/iPhoneOS26.5.sdk -o /Users/chetankandpal/Library/Developer/Xcode/DerivedData/SDKStatCaches.noindex/iphoneos26.5-23F73-32daed1954a7d5dd0789fcaf2a9bb78b.sdkstatcache

ProcessInfoPlistFile /Users/chetankandpal/Library/Developer/Xcode/DerivedData/HairCure-bxfcalgpcrztptgmhmqbpxojsmjd/Build/Products/Debug-iphoneos/GoogleSignIn_GoogleSignInSwift.bundle/Info.plist /Users/chetankandpal/Library/Developer/Xcode/DerivedData/HairCure-bxfcalgpcrztptgmhmqbpxojsmjd/Build/Intermediates.noindex/GoogleSignIn.build/Debug-iphoneos/GoogleSignIn_GoogleSignInSwift.build/empty-GoogleSignIn_GoogleSignInSwift.plist (in target 'GoogleSignIn_GoogleSignInSwift' from project 'GoogleSignIn')
    cd /Users/chetankandpal/Library/Developer/Xcode/DerivedData/HairCure-bxfcalgpcrztptgmhmqbpxojsmjd/SourcePackages/checkouts/GoogleSignIn-iOS
    builtin-infoPlistUtility /Users/chetankandpal/Library/Developer/Xcode/DerivedData/HairCure-bxfcalgpcrztptgmhmqbpxojsmjd/Build/Intermediates.noindex/GoogleSignIn.build/Debug-iphoneos/GoogleSignIn_GoogleSignInSwift.build/empty-GoogleSignIn_GoogleSignInSwift.plist -producttype com.apple.product-type.bundle -expandbuildsettings -format binary -platform iphoneos -requiredArchitecture arm64 -o /Users/chetankandpal/Library/Developer/Xcode/DerivedData/HairCure-bxfcalgpcrztptgmhmqbpxojsmjd/Build/Products/Debug-iphoneos/GoogleSignIn_GoogleSignInSwift.bundle/Info.plist

ProcessInfoPlistFile /Users/chetankandpal/Library/Developer/Xcode/DerivedData/HairCure-bxfcalgpcrztptgmhmqbpxojsmjd/Build/Products/Debug-iphoneos/GoogleUtilities_GoogleUtilities-UserDefaults.bundle/Info.plist /Users/chetankandpal/Library/Developer/Xcode/DerivedData/HairCure-bxfcalgpcrztptgmhmqbpxojsmjd/Build/Intermediates.noindex/GoogleUtilities.build/Debug-iphoneos/GoogleUtilities_GoogleUtilities-UserDefaults.build/empty-GoogleUtilities_GoogleUtilities-UserDefaults.plist (in target 'GoogleUtilities_GoogleUtilities-UserDefaults' from project 'GoogleUtilities')
    cd /Users/chetankandpal/Library/Developer/Xcode/DerivedData/HairCure-bxfcalgpcrztptgmhmqbpxojsmjd/SourcePackages/checkouts/GoogleUtilities
    builtin-infoPlistUtility /Users/chetankandpal/Library/Developer/Xcode/DerivedData/HairCure-bxfcalgpcrztptgmhmqbpxojsmjd/Build/Intermediates.noindex/GoogleUtilities.build/Debug-iphoneos/GoogleUtilities_GoogleUtilities-UserDefaults.build/empty-GoogleUtilities_GoogleUtilities-UserDefaults.plist -producttype com.apple.product-type.bundle -expandbuildsettings -format binary -platform iphoneos -requiredArchitecture arm64 -o /Users/chetankandpal/Library/Developer/Xcode/DerivedData/HairCure-bxfcalgpcrztptgmhmqbpxojsmjd/Build/Products/Debug-iphoneos/GoogleUtilities_GoogleUtilities-UserDefaults.bundle/Info.plist

ProcessInfoPlistFile /Users/chetankandpal/Library/Developer/Xcode/DerivedData/HairCure-bxfcalgpcrztptgmhmqbpxojsmjd/Build/Products/Debug-iphoneos/swift-crypto_Crypto.bundle/Info.plist /Users/chetankandpal/Library/Developer/Xcode/DerivedData/HairCure-bxfcalgpcrztptgmhmqbpxojsmjd/Build/Intermediates.noindex/swift-crypto.build/Debug-iphoneos/swift-crypto_Crypto.build/empty-swift-crypto_Crypto.plist (in target 'swift-crypto_Crypto' from project 'swift-crypto')
    cd /Users/chetankandpal/Library/Developer/Xcode/DerivedData/HairCure-bxfcalgpcrztptgmhmqbpxojsmjd/SourcePackages/checkouts/swift-crypto
    builtin-infoPlistUtility /Users/chetankandpal/Library/Developer/Xcode/DerivedData/HairCure-bxfcalgpcrztptgmhmqbpxojsmjd/Build/Intermediates.noindex/swift-crypto.build/Debug-iphoneos/swift-crypto_Crypto.build/empty-swift-crypto_Crypto.plist -producttype com.apple.product-type.bundle -expandbuildsettings -format binary -platform iphoneos -requiredArchitecture arm64 -o /Users/chetankandpal/Library/Developer/Xcode/DerivedData/HairCure-bxfcalgpcrztptgmhmqbpxojsmjd/Build/Products/Debug-iphoneos/swift-crypto_Crypto.bundle/Info.plist

ProcessInfoPlistFile /Users/chetankandpal/Library/Developer/Xcode/DerivedData/HairCure-bxfcalgpcrztptgmhmqbpxojsmjd/Build/Products/Debug-iphoneos/Promises_FBLPromises.bundle/Info.plist /Users/chetankandpal/Library/Developer/Xcode/DerivedData/HairCure-bxfcalgpcrztptgmhmqbpxojsmjd/Build/Intermediates.noindex/Promises.build/Debug-iphoneos/Promises_FBLPromises.build/empty-Promises_FBLPromises.plist (in target 'Promises_FBLPromises' from project 'Promises')
    cd /Users/chetankandpal/Library/Developer/Xcode/DerivedData/HairCure-bxfcalgpcrztptgmhmqbpxojsmjd/SourcePackages/checkouts/promises
    builtin-infoPlistUtility /Users/chetankandpal/Library/Developer/Xcode/DerivedData/HairCure-bxfcalgpcrztptgmhmqbpxojsmjd/Build/Intermediates.noindex/Promises.build/Debug-iphoneos/Promises_FBLPromises.build/empty-Promises_FBLPromises.plist -producttype com.apple.product-type.bundle -expandbuildsettings -format binary -platform iphoneos -requiredArchitecture arm64 -o /Users/chetankandpal/Library/Developer/Xcode/DerivedData/HairCure-bxfcalgpcrztptgmhmqbpxojsmjd/Build/Products/Debug-iphoneos/Promises_FBLPromises.bundle/Info.plist

ProcessInfoPlistFile /Users/chetankandpal/Library/Developer/Xcode/DerivedData/HairCure-bxfcalgpcrztptgmhmqbpxojsmjd/Build/Products/Debug-iphoneos/GoogleUtilities_GoogleUtilities-Environment.bundle/Info.plist /Users/chetankandpal/Library/Developer/Xcode/DerivedData/HairCure-bxfcalgpcrztptgmhmqbpxojsmjd/Build/Intermediates.noindex/GoogleUtilities.build/Debug-iphoneos/GoogleUtilities_GoogleUtilities-Environment.build/empty-GoogleUtilities_GoogleUtilities-Environment.plist (in target 'GoogleUtilities_GoogleUtilities-Environment' from project 'GoogleUtilities')
    cd /Users/chetankandpal/Library/Developer/Xcode/DerivedData/HairCure-bxfcalgpcrztptgmhmqbpxojsmjd/SourcePackages/checkouts/GoogleUtilities
    builtin-infoPlistUtility /Users/chetankandpal/Library/Developer/Xcode/DerivedData/HairCure-bxfcalgpcrztptgmhmqbpxojsmjd/Build/Intermediates.noindex/GoogleUtilities.build/Debug-iphoneos/GoogleUtilities_GoogleUtilities-Environment.build/empty-GoogleUtilities_GoogleUtilities-Environment.plist -producttype com.apple.product-type.bundle -expandbuildsettings -format binary -platform iphoneos -requiredArchitecture arm64 -o /Users/chetankandpal/Library/Developer/Xcode/DerivedData/HairCure-bxfcalgpcrztptgmhmqbpxojsmjd/Build/Products/Debug-iphoneos/GoogleUtilities_GoogleUtilities-Environment.bundle/Info.plist

ProcessInfoPlistFile /Users/chetankandpal/Library/Developer/Xcode/DerivedData/HairCure-bxfcalgpcrztptgmhmqbpxojsmjd/Build/Products/Debug-iphoneos/GoogleUtilities_GoogleUtilities-Logger.bundle/Info.plist /Users/chetankandpal/Library/Developer/Xcode/DerivedData/HairCure-bxfcalgpcrztptgmhmqbpxojsmjd/Build/Intermediates.noindex/GoogleUtilities.build/Debug-iphoneos/GoogleUtilities_GoogleUtilities-Logger.build/empty-GoogleUtilities_GoogleUtilities-Logger.plist (in target 'GoogleUtilities_GoogleUtilities-Logger' from project 'GoogleUtilities')
    cd /Users/chetankandpal/Library/Developer/Xcode/DerivedData/HairCure-bxfcalgpcrztptgmhmqbpxojsmjd/SourcePackages/checkouts/GoogleUtilities
    builtin-infoPlistUtility /Users/chetankandpal/Library/Developer/Xcode/DerivedData/HairCure-bxfcalgpcrztptgmhmqbpxojsmjd/Build/Intermediates.noindex/GoogleUtilities.build/Debug-iphoneos/GoogleUtilities_GoogleUtilities-Logger.build/empty-GoogleUtilities_GoogleUtilities-Logger.plist -producttype com.apple.product-type.bundle -expandbuildsettings -format binary -platform iphoneos -requiredArchitecture arm64 -o /Users/chetankandpal/Library/Developer/Xcode/DerivedData/HairCure-bxfcalgpcrztptgmhmqbpxojsmjd/Build/Products/Debug-iphoneos/GoogleUtilities_GoogleUtilities-Logger.bundle/Info.plist

ProcessInfoPlistFile /Users/chetankandpal/Library/Developer/Xcode/DerivedData/HairCure-bxfcalgpcrztptgmhmqbpxojsmjd/Build/Products/Debug-iphoneos/GoogleSignIn_GoogleSignIn.bundle/Info.plist /Users/chetankandpal/Library/Developer/Xcode/DerivedData/HairCure-bxfcalgpcrztptgmhmqbpxojsmjd/Build/Intermediates.noindex/GoogleSignIn.build/Debug-iphoneos/GoogleSignIn_GoogleSignIn.build/empty-GoogleSignIn_GoogleSignIn.plist (in target 'GoogleSignIn_GoogleSignIn' from project 'GoogleSignIn')
    cd /Users/chetankandpal/Library/Developer/Xcode/DerivedData/HairCure-bxfcalgpcrztptgmhmqbpxojsmjd/SourcePackages/checkouts/GoogleSignIn-iOS
    builtin-infoPlistUtility /Users/chetankandpal/Library/Developer/Xcode/DerivedData/HairCure-bxfcalgpcrztptgmhmqbpxojsmjd/Build/Intermediates.noindex/GoogleSignIn.build/Debug-iphoneos/GoogleSignIn_GoogleSignIn.build/empty-GoogleSignIn_GoogleSignIn.plist -producttype com.apple.product-type.bundle -expandbuildsettings -format binary -platform iphoneos -requiredArchitecture arm64 -o /Users/chetankandpal/Library/Developer/Xcode/DerivedData/HairCure-bxfcalgpcrztptgmhmqbpxojsmjd/Build/Products/Debug-iphoneos/GoogleSignIn_GoogleSignIn.bundle/Info.plist

ProcessInfoPlistFile /Users/chetankandpal/Library/Developer/Xcode/DerivedData/HairCure-bxfcalgpcrztptgmhmqbpxojsmjd/Build/Products/Debug-iphoneos/GTMSessionFetcher_GTMSessionFetcherCore.bundle/Info.plist /Users/chetankandpal/Library/Developer/Xcode/DerivedData/HairCure-bxfcalgpcrztptgmhmqbpxojsmjd/Build/Intermediates.noindex/GTMSessionFetcher.build/Debug-iphoneos/GTMSessionFetcher_GTMSessionFetcherCore.build/empty-GTMSessionFetcher_GTMSessionFetcherCore.plist (in target 'GTMSessionFetcher_GTMSessionFetcherCore' from project 'GTMSessionFetcher')
    cd /Users/chetankandpal/Library/Developer/Xcode/DerivedData/HairCure-bxfcalgpcrztptgmhmqbpxojsmjd/SourcePackages/checkouts/gtm-session-fetcher
    builtin-infoPlistUtility /Users/chetankandpal/Library/Developer/Xcode/DerivedData/HairCure-bxfcalgpcrztptgmhmqbpxojsmjd/Build/Intermediates.noindex/GTMSessionFetcher.build/Debug-iphoneos/GTMSessionFetcher_GTMSessionFetcherCore.build/empty-GTMSessionFetcher_GTMSessionFetcherCore.plist -producttype com.apple.product-type.bundle -expandbuildsettings -format binary -platform iphoneos -requiredArchitecture arm64 -o /Users/chetankandpal/Library/Developer/Xcode/DerivedData/HairCure-bxfcalgpcrztptgmhmqbpxojsmjd/Build/Products/Debug-iphoneos/GTMSessionFetcher_GTMSessionFetcherCore.bundle/Info.plist

ProcessInfoPlistFile /Users/chetankandpal/Library/Developer/Xcode/DerivedData/HairCure-bxfcalgpcrztptgmhmqbpxojsmjd/Build/Products/Debug-iphoneos/GTMAppAuth_GTMAppAuth.bundle/Info.plist /Users/chetankandpal/Library/Developer/Xcode/DerivedData/HairCure-bxfcalgpcrztptgmhmqbpxojsmjd/Build/Intermediates.noindex/GTMAppAuth.build/Debug-iphoneos/GTMAppAuth_GTMAppAuth.build/empty-GTMAppAuth_GTMAppAuth.plist (in target 'GTMAppAuth_GTMAppAuth' from project 'GTMAppAuth')
    cd /Users/chetankandpal/Library/Developer/Xcode/DerivedData/HairCure-bxfcalgpcrztptgmhmqbpxojsmjd/SourcePackages/checkouts/GTMAppAuth
    builtin-infoPlistUtility /Users/chetankandpal/Library/Developer/Xcode/DerivedData/HairCure-bxfcalgpcrztptgmhmqbpxojsmjd/Build/Intermediates.noindex/GTMAppAuth.build/Debug-iphoneos/GTMAppAuth_GTMAppAuth.build/empty-GTMAppAuth_GTMAppAuth.plist -producttype com.apple.product-type.bundle -expandbuildsettings -format binary -platform iphoneos -requiredArchitecture arm64 -o /Users/chetankandpal/Library/Developer/Xcode/DerivedData/HairCure-bxfcalgpcrztptgmhmqbpxojsmjd/Build/Products/Debug-iphoneos/GTMAppAuth_GTMAppAuth.bundle/Info.plist

ProcessInfoPlistFile /Users/chetankandpal/Library/Developer/Xcode/DerivedData/HairCure-bxfcalgpcrztptgmhmqbpxojsmjd/Build/Products/Debug-iphoneos/AppAuth_AppAuthCore.bundle/Info.plist /Users/chetankandpal/Library/Developer/Xcode/DerivedData/HairCure-bxfcalgpcrztptgmhmqbpxojsmjd/Build/Intermediates.noindex/AppAuth.build/Debug-iphoneos/AppAuth_AppAuthCore.build/empty-AppAuth_AppAuthCore.plist (in target 'AppAuth_AppAuthCore' from project 'AppAuth')
    cd /Users/chetankandpal/Library/Developer/Xcode/DerivedData/HairCure-bxfcalgpcrztptgmhmqbpxojsmjd/SourcePackages/checkouts/AppAuth-iOS
    builtin-infoPlistUtility /Users/chetankandpal/Library/Developer/Xcode/DerivedData/HairCure-bxfcalgpcrztptgmhmqbpxojsmjd/Build/Intermediates.noindex/AppAuth.build/Debug-iphoneos/AppAuth_AppAuthCore.build/empty-AppAuth_AppAuthCore.plist -producttype com.apple.product-type.bundle -expandbuildsettings -format binary -platform iphoneos -requiredArchitecture arm64 -o /Users/chetankandpal/Library/Developer/Xcode/DerivedData/HairCure-bxfcalgpcrztptgmhmqbpxojsmjd/Build/Products/Debug-iphoneos/AppAuth_AppAuthCore.bundle/Info.plist

ProcessInfoPlistFile /Users/chetankandpal/Library/Developer/Xcode/DerivedData/HairCure-bxfcalgpcrztptgmhmqbpxojsmjd/Build/Products/Debug-iphoneos/AppAuth_AppAuth.bundle/Info.plist /Users/chetankandpal/Library/Developer/Xcode/DerivedData/HairCure-bxfcalgpcrztptgmhmqbpxojsmjd/Build/Intermediates.noindex/AppAuth.build/Debug-iphoneos/AppAuth_AppAuth.build/empty-AppAuth_AppAuth.plist (in target 'AppAuth_AppAuth' from project 'AppAuth')
    cd /Users/chetankandpal/Library/Developer/Xcode/DerivedData/HairCure-bxfcalgpcrztptgmhmqbpxojsmjd/SourcePackages/checkouts/AppAuth-iOS
    builtin-infoPlistUtility /Users/chetankandpal/Library/Developer/Xcode/DerivedData/HairCure-bxfcalgpcrztptgmhmqbpxojsmjd/Build/Intermediates.noindex/AppAuth.build/Debug-iphoneos/AppAuth_AppAuth.build/empty-AppAuth_AppAuth.plist -producttype com.apple.product-type.bundle -expandbuildsettings -format binary -platform iphoneos -requiredArchitecture arm64 -o /Users/chetankandpal/Library/Developer/Xcode/DerivedData/HairCure-bxfcalgpcrztptgmhmqbpxojsmjd/Build/Products/Debug-iphoneos/AppAuth_AppAuth.bundle/Info.plist

GenerateAssetSymbols /Users/chetankandpal/Documents/HairCare/HairCure1\ 2/haiRcure02/Assets.xcassets (in target 'HairCure' from project 'HairCure')
    cd /Users/chetankandpal/Documents/HairCare/HairCure1\ 2
    /Applications/Xcode.app/Contents/Developer/usr/bin/actool /Users/chetankandpal/Documents/HairCare/HairCure1\ 2/haiRcure02/Assets.xcassets --compile /Users/chetankandpal/Library/Developer/Xcode/DerivedData/HairCure-bxfcalgpcrztptgmhmqbpxojsmjd/Build/Products/Debug-iphoneos/HairCure.app --output-format human-readable-text --notices --warnings --export-dependency-info /Users/chetankandpal/Library/Developer/Xcode/DerivedData/HairCure-bxfcalgpcrztptgmhmqbpxojsmjd/Build/Intermediates.noindex/HairCure.build/Debug-iphoneos/HairCure.build/assetcatalog_dependencies --output-partial-info-plist /Users/chetankandpal/Library/Developer/Xcode/DerivedData/HairCure-bxfcalgpcrztptgmhmqbpxojsmjd/Build/Intermediates.noindex/HairCure.build/Debug-iphoneos/HairCure.build/assetcatalog_generated_info.plist --app-icon AppIcon --accent-color AccentColor --compress-pngs --enable-on-demand-resources YES --development-region en --target-device iphone --target-device ipad --minimum-deployment-target 26.0 --platform iphoneos --bundle-identifier abc.haiRcure02 --generate-swift-asset-symbols /Users/chetankandpal/Library/Developer/Xcode/DerivedData/HairCure-bxfcalgpcrztptgmhmqbpxojsmjd/Build/Intermediates.noindex/HairCure.build/Debug-iphoneos/HairCure.build/DerivedSources/GeneratedAssetSymbols.swift --generate-objc-asset-symbols /Users/chetankandpal/Library/Developer/Xcode/DerivedData/HairCure-bxfcalgpcrztptgmhmqbpxojsmjd/Build/Intermediates.noindex/HairCure.build/Debug-iphoneos/HairCure.build/DerivedSources/GeneratedAssetSymbols.h --generate-asset-symbol-index /Users/chetankandpal/Library/Developer/Xcode/DerivedData/HairCure-bxfcalgpcrztptgmhmqbpxojsmjd/Build/Intermediates.noindex/HairCure.build/Debug-iphoneos/HairCure.build/DerivedSources/GeneratedAssetSymbols-Index.plist
/* com.apple.actool.compilation-results */
/Users/chetankandpal/Library/Developer/Xcode/DerivedData/HairCure-bxfcalgpcrztptgmhmqbpxojsmjd/Build/Intermediates.noindex/HairCure.build/Debug-iphoneos/HairCure.build/DerivedSources/GeneratedAssetSymbols-Index.plist
/Users/chetankandpal/Library/Developer/Xcode/DerivedData/HairCure-bxfcalgpcrztptgmhmqbpxojsmjd/Build/Intermediates.noindex/HairCure.build/Debug-iphoneos/HairCure.build/DerivedSources/GeneratedAssetSymbols.h
/Users/chetankandpal/Library/Developer/Xcode/DerivedData/HairCure-bxfcalgpcrztptgmhmqbpxojsmjd/Build/Intermediates.noindex/HairCure.build/Debug-iphoneos/HairCure.build/DerivedSources/GeneratedAssetSymbols.swift


LinkAssetCatalog /Users/chetankandpal/Documents/HairCare/HairCure1\ 2/haiRcure02/Assets.xcassets (in target 'HairCure' from project 'HairCure')
    cd /Users/chetankandpal/Documents/HairCare/HairCure1\ 2
    builtin-linkAssetCatalog --thinned /Users/chetankandpal/Library/Developer/Xcode/DerivedData/HairCure-bxfcalgpcrztptgmhmqbpxojsmjd/Build/Intermediates.noindex/HairCure.build/Debug-iphoneos/HairCure.build/assetcatalog_output/thinned --thinned-dependencies /Users/chetankandpal/Library/Developer/Xcode/DerivedData/HairCure-bxfcalgpcrztptgmhmqbpxojsmjd/Build/Intermediates.noindex/HairCure.build/Debug-iphoneos/HairCure.build/assetcatalog_dependencies_thinned --thinned-info-plist-content /Users/chetankandpal/Library/Developer/Xcode/DerivedData/HairCure-bxfcalgpcrztptgmhmqbpxojsmjd/Build/Intermediates.noindex/HairCure.build/Debug-iphoneos/HairCure.build/assetcatalog_generated_info.plist_thinned --unthinned /Users/chetankandpal/Library/Developer/Xcode/DerivedData/HairCure-bxfcalgpcrztptgmhmqbpxojsmjd/Build/Intermediates.noindex/HairCure.build/Debug-iphoneos/HairCure.build/assetcatalog_output/unthinned --unthinned-dependencies /Users/chetankandpal/Library/Developer/Xcode/DerivedData/HairCure-bxfcalgpcrztptgmhmqbpxojsmjd/Build/Intermediates.noindex/HairCure.build/Debug-iphoneos/HairCure.build/assetcatalog_dependencies_unthinned --unthinned-info-plist-content /Users/chetankandpal/Library/Developer/Xcode/DerivedData/HairCure-bxfcalgpcrztptgmhmqbpxojsmjd/Build/Intermediates.noindex/HairCure.build/Debug-iphoneos/HairCure.build/assetcatalog_generated_info.plist_unthinned --output /Users/chetankandpal/Library/Developer/Xcode/DerivedData/HairCure-bxfcalgpcrztptgmhmqbpxojsmjd/Build/Products/Debug-iphoneos/HairCure.app --plist-output /Users/chetankandpal/Library/Developer/Xcode/DerivedData/HairCure-bxfcalgpcrztptgmhmqbpxojsmjd/Build/Intermediates.noindex/HairCure.build/Debug-iphoneos/HairCure.build/assetcatalog_generated_info.plist
note: Emplaced /Users/chetankandpal/Library/Developer/Xcode/DerivedData/HairCure-bxfcalgpcrztptgmhmqbpxojsmjd/Build/Products/Debug-iphoneos/HairCure.app/AppIcon76x76@2x~ipad.png (in target 'HairCure' from project 'HairCure')
note: Emplaced /Users/chetankandpal/Library/Developer/Xcode/DerivedData/HairCure-bxfcalgpcrztptgmhmqbpxojsmjd/Build/Products/Debug-iphoneos/HairCure.app/AppIcon60x60@2x.png (in target 'HairCure' from project 'HairCure')
note: Emplaced /Users/chetankandpal/Library/Developer/Xcode/DerivedData/HairCure-bxfcalgpcrztptgmhmqbpxojsmjd/Build/Products/Debug-iphoneos/HairCure.app/Assets.car (in target 'HairCure' from project 'HairCure')

ProcessInfoPlistFile /Users/chetankandpal/Library/Developer/Xcode/DerivedData/HairCure-bxfcalgpcrztptgmhmqbpxojsmjd/Build/Products/Debug-iphoneos/HairCure.app/Info.plist /Users/chetankandpal/Documents/HairCare/HairCure1\ 2/haiRcure02/Info.plist (in target 'HairCure' from project 'HairCure')
    cd /Users/chetankandpal/Documents/HairCare/HairCure1\ 2
    builtin-infoPlistUtility /Users/chetankandpal/Documents/HairCare/HairCure1\ 2/haiRcure02/Info.plist -producttype com.apple.product-type.application -genpkginfo /Users/chetankandpal/Library/Developer/Xcode/DerivedData/HairCure-bxfcalgpcrztptgmhmqbpxojsmjd/Build/Products/Debug-iphoneos/HairCure.app/PkgInfo -expandbuildsettings -format binary -platform iphoneos -additionalcontentfile /Users/chetankandpal/Library/Developer/Xcode/DerivedData/HairCure-bxfcalgpcrztptgmhmqbpxojsmjd/Build/Intermediates.noindex/HairCure.build/Debug-iphoneos/HairCure.build/assetcatalog_generated_info.plist -scanforprivacyfile /Users/chetankandpal/Library/Developer/Xcode/DerivedData/HairCure-bxfcalgpcrztptgmhmqbpxojsmjd/Build/Products/Debug-iphoneos/HairCure.app/AppAuth_AppAuth.bundle -scanforprivacyfile /Users/chetankandpal/Library/Developer/Xcode/DerivedData/HairCure-bxfcalgpcrztptgmhmqbpxojsmjd/Build/Products/Debug-iphoneos/HairCure.app/AppAuth_AppAuthCore.bundle -scanforprivacyfile /Users/chetankandpal/Library/Developer/Xcode/DerivedData/HairCure-bxfcalgpcrztptgmhmqbpxojsmjd/Build/Products/Debug-iphoneos/HairCure.app/GTMAppAuth_GTMAppAuth.bundle -scanforprivacyfile /Users/chetankandpal/Library/Developer/Xcode/DerivedData/HairCure-bxfcalgpcrztptgmhmqbpxojsmjd/Build/Products/Debug-iphoneos/HairCure.app/GTMSessionFetcher_GTMSessionFetcherCore.bundle -scanforprivacyfile /Users/chetankandpal/Library/Developer/Xcode/DerivedData/HairCure-bxfcalgpcrztptgmhmqbpxojsmjd/Build/Products/Debug-iphoneos/HairCure.app/GoogleSignIn_GoogleSignIn.bundle -scanforprivacyfile /Users/chetankandpal/Library/Developer/Xcode/DerivedData/HairCure-bxfcalgpcrztptgmhmqbpxojsmjd/Build/Products/Debug-iphoneos/HairCure.app/GoogleSignIn_GoogleSignInSwift.bundle -scanforprivacyfile /Users/chetankandpal/Library/Developer/Xcode/DerivedData/HairCure-bxfcalgpcrztptgmhmqbpxojsmjd/Build/Products/Debug-iphoneos/HairCure.app/GoogleUtilities_GoogleUtilities-Environment.bundle -scanforprivacyfile /Users/chetankandpal/Library/Developer/Xcode/DerivedData/HairCure-bxfcalgpcrztptgmhmqbpxojsmjd/Build/Products/Debug-iphoneos/HairCure.app/GoogleUtilities_GoogleUtilities-Logger.bundle -scanforprivacyfile /Users/chetankandpal/Library/Developer/Xcode/DerivedData/HairCure-bxfcalgpcrztptgmhmqbpxojsmjd/Build/Products/Debug-iphoneos/HairCure.app/GoogleUtilities_GoogleUtilities-UserDefaults.bundle -scanforprivacyfile /Users/chetankandpal/Library/Developer/Xcode/DerivedData/HairCure-bxfcalgpcrztptgmhmqbpxojsmjd/Build/Products/Debug-iphoneos/HairCure.app/Promises_FBLPromises.bundle -scanforprivacyfile /Users/chetankandpal/Library/Developer/Xcode/DerivedData/HairCure-bxfcalgpcrztptgmhmqbpxojsmjd/Build/Products/Debug-iphoneos/HairCure.app/swift-crypto_Crypto.bundle -requiredArchitecture arm64 -o /Users/chetankandpal/Library/Developer/Xcode/DerivedData/HairCure-bxfcalgpcrztptgmhmqbpxojsmjd/Build/Products/Debug-iphoneos/HairCure.app/Info.plist
warning: The value for NSHealthClinicalHealthRecordsShareUsageDescription must be a non-empty string. (in target 'HairCure' from project 'HairCure')

SwiftDriver HairCure normal arm64 com.apple.xcode.tools.swift.compiler (in target 'HairCure' from project 'HairCure')
    cd /Users/chetankandpal/Documents/HairCare/HairCure1\ 2
    builtin-SwiftDriver -- /Applications/Xcode.app/Contents/Developer/Toolchains/XcodeDefault.xctoolchain/usr/bin/swiftc -module-name HairCure -Onone @/Users/chetankandpal/Library/Developer/Xcode/DerivedData/HairCure-bxfcalgpcrztptgmhmqbpxojsmjd/Build/Intermediates.noindex/HairCure.build/Debug-iphoneos/HairCure.build/Objects-normal/arm64/HairCure.SwiftFileList -DDEBUG -Xcc -fmodule-map-file\=/Users/chetankandpal/Library/Developer/Xcode/DerivedData/HairCure-bxfcalgpcrztptgmhmqbpxojsmjd/Build/Intermediates.noindex/GeneratedModuleMaps-iphoneos/AppAuth.modulemap -Xcc -fmodule-map-file\=/Users/chetankandpal/Library/Developer/Xcode/DerivedData/HairCure-bxfcalgpcrztptgmhmqbpxojsmjd/Build/Intermediates.noindex/GeneratedModuleMaps-iphoneos/AppAuthCore.modulemap -Xcc -fmodule-map-file\=/Users/chetankandpal/Library/Developer/Xcode/DerivedData/HairCure-bxfcalgpcrztptgmhmqbpxojsmjd/Build/Intermediates.noindex/GeneratedModuleMaps-iphoneos/GoogleUtilities-Logger.modulemap -Xcc -fmodule-map-file\=/Users/chetankandpal/Library/Developer/Xcode/DerivedData/HairCure-bxfcalgpcrztptgmhmqbpxojsmjd/Build/Intermediates.noindex/GeneratedModuleMaps-iphoneos/GoogleUtilities-Environment.modulemap -Xcc -fmodule-map-file\=/Users/chetankandpal/Library/Developer/Xcode/DerivedData/HairCure-bxfcalgpcrztptgmhmqbpxojsmjd/Build/Intermediates.noindex/GeneratedModuleMaps-iphoneos/third-party-IsAppEncrypted.modulemap -Xcc -fmodule-map-file\=/Users/chetankandpal/Library/Developer/Xcode/DerivedData/HairCure-bxfcalgpcrztptgmhmqbpxojsmjd/Build/Intermediates.noindex/GeneratedModuleMaps-iphoneos/GoogleUtilities-UserDefaults.modulemap -Xcc -fmodule-map-file\=/Users/chetankandpal/Library/Developer/Xcode/DerivedData/HairCure-bxfcalgpcrztptgmhmqbpxojsmjd/Build/Intermediates.noindex/GeneratedModuleMaps-iphoneos/AppCheckCore.modulemap -Xcc -fmodule-map-file\=/Users/chetankandpal/Library/Developer/Xcode/DerivedData/HairCure-bxfcalgpcrztptgmhmqbpxojsmjd/Build/Intermediates.noindex/GeneratedModuleMaps-iphoneos/GTMSessionFetcherCore.modulemap -Xcc -fmodule-map-file\=/Users/chetankandpal/Library/Developer/Xcode/DerivedData/HairCure-bxfcalgpcrztptgmhmqbpxojsmjd/Build/Intermediates.noindex/GeneratedModuleMaps-iphoneos/GoogleSignIn.modulemap -default-isolation\=MainActor -enable-bare-slash-regex -enable-upcoming-feature DisableOutwardActorInference -enable-upcoming-feature InferSendableFromCaptures -enable-upcoming-feature GlobalActorIsolatedTypesUsability -enable-upcoming-feature MemberImportVisibility -enable-upcoming-feature InferIsolatedConformances -enable-upcoming-feature NonisolatedNonsendingByDefault -enable-experimental-feature DebugDescriptionMacro -sdk /Applications/Xcode.app/Contents/Developer/Platforms/iPhoneOS.platform/Developer/SDKs/iPhoneOS26.5.sdk -target arm64-apple-ios26.0 -g -module-cache-path /Users/chetankandpal/Library/Developer/Xcode/DerivedData/ModuleCache.noindex -Xfrontend -serialize-debugging-options -enable-testing -index-store-path /Users/chetankandpal/Library/Developer/Xcode/DerivedData/HairCure-bxfcalgpcrztptgmhmqbpxojsmjd/Index.noindex/DataStore -Xcc -D_LIBCPP_HARDENING_MODE\=_LIBCPP_HARDENING_MODE_DEBUG -swift-version 5 -I /Users/chetankandpal/Library/Developer/Xcode/DerivedData/HairCure-bxfcalgpcrztptgmhmqbpxojsmjd/Build/Products/Debug-iphoneos -F /Users/chetankandpal/Library/Developer/Xcode/DerivedData/HairCure-bxfcalgpcrztptgmhmqbpxojsmjd/Build/Products/Debug-iphoneos/PackageFrameworks -F /Users/chetankandpal/Library/Developer/Xcode/DerivedData/HairCure-bxfcalgpcrztptgmhmqbpxojsmjd/Build/Products/Debug-iphoneos/PackageFrameworks -F /Users/chetankandpal/Library/Developer/Xcode/DerivedData/HairCure-bxfcalgpcrztptgmhmqbpxojsmjd/Build/Products/Debug-iphoneos/PackageFrameworks -F /Users/chetankandpal/Library/Developer/Xcode/DerivedData/HairCure-bxfcalgpcrztptgmhmqbpxojsmjd/Build/Products/Debug-iphoneos/PackageFrameworks -F /Users/chetankandpal/Library/Developer/Xcode/DerivedData/HairCure-bxfcalgpcrztptgmhmqbpxojsmjd/Build/Products/Debug-iphoneos/PackageFrameworks -F /Users/chetankandpal/Library/Developer/Xcode/DerivedData/HairCure-bxfcalgpcrztptgmhmqbpxojsmjd/Build/Products/Debug-iphoneos/PackageFrameworks -F /Users/chetankandpal/Library/Developer/Xcode/DerivedData/HairCure-bxfcalgpcrztptgmhmqbpxojsmjd/Build/Products/Debug-iphoneos/PackageFrameworks -F /Users/chetankandpal/Library/Developer/Xcode/DerivedData/HairCure-bxfcalgpcrztptgmhmqbpxojsmjd/Build/Products/Debug-iphoneos/PackageFrameworks -F /Users/chetankandpal/Library/Developer/Xcode/DerivedData/HairCure-bxfcalgpcrztptgmhmqbpxojsmjd/Build/Products/Debug-iphoneos/PackageFrameworks -F /Users/chetankandpal/Library/Developer/Xcode/DerivedData/HairCure-bxfcalgpcrztptgmhmqbpxojsmjd/Build/Products/Debug-iphoneos/PackageFrameworks -F /Users/chetankandpal/Library/Developer/Xcode/DerivedData/HairCure-bxfcalgpcrztptgmhmqbpxojsmjd/Build/Products/Debug-iphoneos/PackageFrameworks -F /Users/chetankandpal/Library/Developer/Xcode/DerivedData/HairCure-bxfcalgpcrztptgmhmqbpxojsmjd/Build/Products/Debug-iphoneos/PackageFrameworks -F /Users/chetankandpal/Library/Developer/Xcode/DerivedData/HairCure-bxfcalgpcrztptgmhmqbpxojsmjd/Build/Products/Debug-iphoneos/PackageFrameworks -F /Users/chetankandpal/Library/Developer/Xcode/DerivedData/HairCure-bxfcalgpcrztptgmhmqbpxojsmjd/Build/Products/Debug-iphoneos/PackageFrameworks -F /Users/chetankandpal/Library/Developer/Xcode/DerivedData/HairCure-bxfcalgpcrztptgmhmqbpxojsmjd/Build/Products/Debug-iphoneos/PackageFrameworks -F /Users/chetankandpal/Library/Developer/Xcode/DerivedData/HairCure-bxfcalgpcrztptgmhmqbpxojsmjd/Build/Products/Debug-iphoneos/PackageFrameworks -F /Users/chetankandpal/Library/Developer/Xcode/DerivedData/HairCure-bxfcalgpcrztptgmhmqbpxojsmjd/Build/Products/Debug-iphoneos/PackageFrameworks -F /Users/chetankandpal/Library/Developer/Xcode/DerivedData/HairCure-bxfcalgpcrztptgmhmqbpxojsmjd/Build/Products/Debug-iphoneos/PackageFrameworks -F /Users/chetankandpal/Library/Developer/Xcode/DerivedData/HairCure-bxfcalgpcrztptgmhmqbpxojsmjd/Build/Products/Debug-iphoneos/PackageFrameworks -F /Users/chetankandpal/Library/Developer/Xcode/DerivedData/HairCure-bxfcalgpcrztptgmhmqbpxojsmjd/Build/Products/Debug-iphoneos/PackageFrameworks -F /Users/chetankandpal/Library/Developer/Xcode/DerivedData/HairCure-bxfcalgpcrztptgmhmqbpxojsmjd/Build/Products/Debug-iphoneos/PackageFrameworks -F /Users/chetankandpal/Library/Developer/Xcode/DerivedData/HairCure-bxfcalgpcrztptgmhmqbpxojsmjd/Build/Products/Debug-iphoneos/PackageFrameworks -F /Users/chetankandpal/Library/Developer/Xcode/DerivedData/HairCure-bxfcalgpcrztptgmhmqbpxojsmjd/Build/Products/Debug-iphoneos/PackageFrameworks -F /Users/chetankandpal/Library/Developer/Xcode/DerivedData/HairCure-bxfcalgpcrztptgmhmqbpxojsmjd/Build/Products/Debug-iphoneos/PackageFrameworks -F /Users/chetankandpal/Library/Developer/Xcode/DerivedData/HairCure-bxfcalgpcrztptgmhmqbpxojsmjd/Build/Products/Debug-iphoneos/PackageFrameworks -F /Users/chetankandpal/Library/Developer/Xcode/DerivedData/HairCure-bxfcalgpcrztptgmhmqbpxojsmjd/Build/Products/Debug-iphoneos/PackageFrameworks -F /Users/chetankandpal/Library/Developer/Xcode/DerivedData/HairCure-bxfcalgpcrztptgmhmqbpxojsmjd/Build/Products/Debug-iphoneos -emit-localized-strings -emit-localized-strings-path /Users/chetankandpal/Library/Developer/Xcode/DerivedData/HairCure-bxfcalgpcrztptgmhmqbpxojsmjd/Build/Intermediates.noindex/HairCure.build/Debug-iphoneos/HairCure.build/Objects-normal/arm64 -c -j10 -enable-batch-mode -incremental -Xcc -ivfsstatcache -Xcc /Users/chetankandpal/Library/Developer/Xcode/DerivedData/SDKStatCaches.noindex/iphoneos26.5-23F73-32daed1954a7d5dd0789fcaf2a9bb78b.sdkstatcache -output-file-map /Users/chetankandpal/Library/Developer/Xcode/DerivedData/HairCure-bxfcalgpcrztptgmhmqbpxojsmjd/Build/Intermediates.noindex/HairCure.build/Debug-iphoneos/HairCure.build/Objects-normal/arm64/HairCure-OutputFileMap.json -use-frontend-parseable-output -save-temps -no-color-diagnostics -explicit-module-build -module-cache-path /Users/chetankandpal/Library/Developer/Xcode/DerivedData/HairCure-bxfcalgpcrztptgmhmqbpxojsmjd/Build/Intermediates.noindex/SwiftExplicitPrecompiledModules -clang-scanner-module-cache-path /Users/chetankandpal/Library/Developer/Xcode/DerivedData/ModuleCache.noindex -sdk-module-cache-path /Users/chetankandpal/Library/Developer/Xcode/DerivedData/ModuleCache.noindex -serialize-diagnostics -emit-dependencies -emit-module -emit-module-path /Users/chetankandpal/Library/Developer/Xcode/DerivedData/HairCure-bxfcalgpcrztptgmhmqbpxojsmjd/Build/Intermediates.noindex/HairCure.build/Debug-iphoneos/HairCure.build/Objects-normal/arm64/HairCure.swiftmodule -validate-clang-modules-once -clang-build-session-file /Users/chetankandpal/Library/Developer/Xcode/DerivedData/ModuleCache.noindex/Session.modulevalidation -Xcc -I/Users/chetankandpal/Library/Developer/Xcode/DerivedData/HairCure-bxfcalgpcrztptgmhmqbpxojsmjd/Build/Intermediates.noindex/HairCure.build/Debug-iphoneos/HairCure.build/swift-overrides.hmap -emit-const-values -Xfrontend -const-gather-protocols-file -Xfrontend /Users/chetankandpal/Library/Developer/Xcode/DerivedData/HairCure-bxfcalgpcrztptgmhmqbpxojsmjd/Build/Intermediates.noindex/HairCure.build/Debug-iphoneos/HairCure.build/Objects-normal/arm64/HairCure_const_extract_protocols.json -Xcc -iquote -Xcc /Users/chetankandpal/Library/Developer/Xcode/DerivedData/HairCure-bxfcalgpcrztptgmhmqbpxojsmjd/Build/Intermediates.noindex/HairCure.build/Debug-iphoneos/HairCure.build/HairCure-generated-files.hmap -Xcc -I/Users/chetankandpal/Library/Developer/Xcode/DerivedData/HairCure-bxfcalgpcrztptgmhmqbpxojsmjd/Build/Intermediates.noindex/HairCure.build/Debug-iphoneos/HairCure.build/HairCure-own-target-headers.hmap -Xcc -I/Users/chetankandpal/Library/Developer/Xcode/DerivedData/HairCure-bxfcalgpcrztptgmhmqbpxojsmjd/Build/Intermediates.noindex/HairCure.build/Debug-iphoneos/HairCure.build/HairCure-all-non-framework-target-headers.hmap -Xcc -ivfsoverlay -Xcc /Users/chetankandpal/Library/Developer/Xcode/DerivedData/HairCure-bxfcalgpcrztptgmhmqbpxojsmjd/Build/Intermediates.noindex/HairCure.build/Debug-iphoneos/HairCure-616e4cb554635f09716d051ef64c3736-VFS-iphoneos/all-product-headers.yaml -Xcc -iquote -Xcc /Users/chetankandpal/Library/Developer/Xcode/DerivedData/HairCure-bxfcalgpcrztptgmhmqbpxojsmjd/Build/Intermediates.noindex/HairCure.build/Debug-iphoneos/HairCure.build/HairCure-project-headers.hmap -Xcc -I/Users/chetankandpal/Library/Developer/Xcode/DerivedData/HairCure-bxfcalgpcrztptgmhmqbpxojsmjd/SourcePackages/checkouts/AppAuth-iOS/Sources/AppAuth -Xcc -I/Users/chetankandpal/Library/Developer/Xcode/DerivedData/HairCure-bxfcalgpcrztptgmhmqbpxojsmjd/SourcePackages/checkouts/AppAuth-iOS/Sources/AppAuthCore -Xcc -I/Users/chetankandpal/Library/Developer/Xcode/DerivedData/HairCure-bxfcalgpcrztptgmhmqbpxojsmjd/SourcePackages/checkouts/promises/Sources/FBLPromises/include -Xcc -I/Users/chetankandpal/Library/Developer/Xcode/DerivedData/HairCure-bxfcalgpcrztptgmhmqbpxojsmjd/SourcePackages/checkouts/GoogleUtilities/GoogleUtilities/Logger/Public -Xcc -I/Users/chetankandpal/Library/Developer/Xcode/DerivedData/HairCure-bxfcalgpcrztptgmhmqbpxojsmjd/SourcePackages/checkouts/GoogleUtilities/GoogleUtilities/Environment/Public -Xcc -I/Users/chetankandpal/Library/Developer/Xcode/DerivedData/HairCure-bxfcalgpcrztptgmhmqbpxojsmjd/SourcePackages/checkouts/GoogleUtilities/third_party/IsAppEncrypted/Public -Xcc -I/Users/chetankandpal/Library/Developer/Xcode/DerivedData/HairCure-bxfcalgpcrztptgmhmqbpxojsmjd/SourcePackages/checkouts/GoogleUtilities/GoogleUtilities/UserDefaults/Public -Xcc -I/Users/chetankandpal/Library/Developer/Xcode/DerivedData/HairCure-bxfcalgpcrztptgmhmqbpxojsmjd/SourcePackages/checkouts/app-check/AppCheckCore/Sources/Public -Xcc -I/Users/chetankandpal/Library/Developer/Xcode/DerivedData/HairCure-bxfcalgpcrztptgmhmqbpxojsmjd/SourcePackages/checkouts/gtm-session-fetcher/Sources/Core/Public -Xcc -I/Users/chetankandpal/Library/Developer/Xcode/DerivedData/HairCure-bxfcalgpcrztptgmhmqbpxojsmjd/SourcePackages/checkouts/GoogleSignIn-iOS/GoogleSignIn/Sources/Public -Xcc -I/Users/chetankandpal/Library/Developer/Xcode/DerivedData/HairCure-bxfcalgpcrztptgmhmqbpxojsmjd/Build/Products/Debug-iphoneos/include -Xcc -I/Users/chetankandpal/Library/Developer/Xcode/DerivedData/HairCure-bxfcalgpcrztptgmhmqbpxojsmjd/Build/Intermediates.noindex/HairCure.build/Debug-iphoneos/HairCure.build/DerivedSources-normal/arm64 -Xcc -I/Users/chetankandpal/Library/Developer/Xcode/DerivedData/HairCure-bxfcalgpcrztptgmhmqbpxojsmjd/Build/Intermediates.noindex/HairCure.build/Debug-iphoneos/HairCure.build/DerivedSources/arm64 -Xcc -I/Users/chetankandpal/Library/Developer/Xcode/DerivedData/HairCure-bxfcalgpcrztptgmhmqbpxojsmjd/Build/Intermediates.noindex/HairCure.build/Debug-iphoneos/HairCure.build/DerivedSources -Xcc -DDEBUG\=1 -emit-objc-header -emit-objc-header-path /Users/chetankandpal/Library/Developer/Xcode/DerivedData/HairCure-bxfcalgpcrztptgmhmqbpxojsmjd/Build/Intermediates.noindex/HairCure.build/Debug-iphoneos/HairCure.build/Objects-normal/arm64/HairCure-Swift.h -working-directory /Users/chetankandpal/Documents/HairCare/HairCure1\ 2 -experimental-emit-module-separately -disable-cmo

SwiftCompile normal arm64 Compiling\ HairAnalysisViewModel.swift /Users/chetankandpal/Documents/HairCare/HairCure1\ 2/haiRcure02/HairCure/DataStores/HairAnalysisViewModel.swift (in target 'HairCure' from project 'HairCure')

SwiftCompile normal arm64 /Users/chetankandpal/Documents/HairCare/HairCure1\ 2/haiRcure02/HairCure/DataStores/HairAnalysisViewModel.swift (in target 'HairCure' from project 'HairCure')
    cd /Users/chetankandpal/Documents/HairCare/HairCure1\ 2
    

SwiftCompile normal arm64 Compiling\ AppDataStore.swift /Users/chetankandpal/Documents/HairCare/HairCure1\ 2/haiRcure02/HairCure/DataStores/AppDataStore.swift (in target 'HairCure' from project 'HairCure')
SwiftCompile normal arm64 /Users/chetankandpal/Documents/HairCare/HairCure1\ 2/haiRcure02/HairCure/DataStores/AppDataStore.swift (in target 'HairCure' from project 'HairCure')
    cd /Users/chetankandpal/Documents/HairCare/HairCure1\ 2
    

SwiftCompile normal arm64 Compiling\ HairProgressView.swift /Users/chetankandpal/Documents/HairCare/HairCure1\ 2/haiRcure02/HairCure/Views/HairAnalysis/HairProgressView.swift (in target 'HairCure' from project 'HairCure')
SwiftCompile normal arm64 /Users/chetankandpal/Documents/HairCare/HairCure1\ 2/haiRcure02/HairCure/Views/HairAnalysis/HairProgressView.swift (in target 'HairCure' from project 'HairCure')
    cd /Users/chetankandpal/Documents/HairCare/HairCure1\ 2
    

SwiftCompile normal arm64 Compiling\ UserActions.swift /Users/chetankandpal/Documents/HairCare/HairCure1\ 2/haiRcure02/HairCure/DataStores/UserActions.swift (in target 'HairCure' from project 'HairCure')

SwiftCompile normal arm64 /Users/chetankandpal/Documents/HairCare/HairCure1\ 2/haiRcure02/HairCure/DataStores/UserActions.swift (in target 'HairCure' from project 'HairCure')
    cd /Users/chetankandpal/Documents/HairCare/HairCure1\ 2
    
/Users/chetankandpal/Documents/HairCare/HairCure1 2/haiRcure02/HairCure/DataStores/UserActions.swift:433:19: warning: immutable value 'profile' was never used; consider replacing with '_' or removing it
        guard let profile    = currentProfile,
              ~~~~^~~~~~~
              _

SwiftEmitModule normal arm64 Emitting\ module\ for\ HairCure (in target 'HairCure' from project 'HairCure')

EmitSwiftModule normal arm64 (in target 'HairCure' from project 'HairCure')
    cd /Users/chetankandpal/Documents/HairCare/HairCure1\ 2
    
/Users/chetankandpal/Documents/HairCare/HairCure1 2/haiRcure02/HairCure/Views/Wellness/MindEaseView.swift:23:1: warning: extension declares a conformance of imported type 'Date' to imported protocol 'Identifiable'; this will not behave correctly if the owners of 'Foundation' introduce this conformance in the future
extension Date: Identifiable {
^
/Users/chetankandpal/Documents/HairCare/HairCure1 2/haiRcure02/HairCure/Views/Wellness/MindEaseView.swift:23:1: note: add '@retroactive' to silence this warning
extension Date: Identifiable {
^               ~~~~~~~~~~~~
                @retroactive Identifiable

SwiftCompile normal arm64 Compiling\ ContentView.swift /Users/chetankandpal/Documents/HairCare/HairCure1\ 2/haiRcure02/HairCure/ContentView.swift (in target 'HairCure' from project 'HairCure')

SwiftCompile normal arm64 /Users/chetankandpal/Documents/HairCare/HairCure1\ 2/haiRcure02/HairCure/ContentView.swift (in target 'HairCure' from project 'HairCure')
    cd /Users/chetankandpal/Documents/HairCare/HairCure1\ 2
    
/Users/chetankandpal/Documents/HairCare/HairCure1 2/haiRcure02/HairCure/ContentView.swift:175:27: warning: expression of type '((), ())' is unused
                    await (scalpTask, userDataTask)
                          ^~~~~~~~~~~~~~~~~~~~~~~~~

SwiftCompile normal arm64 Compiling\ GeneratedAssetSymbols.swift /Users/chetankandpal/Library/Developer/Xcode/DerivedData/HairCure-bxfcalgpcrztptgmhmqbpxojsmjd/Build/Intermediates.noindex/HairCure.build/Debug-iphoneos/HairCure.build/DerivedSources/GeneratedAssetSymbols.swift (in target 'HairCure' from project 'HairCure')

SwiftCompile normal arm64 /Users/chetankandpal/Library/Developer/Xcode/DerivedData/HairCure-bxfcalgpcrztptgmhmqbpxojsmjd/Build/Intermediates.noindex/HairCure.build/Debug-iphoneos/HairCure.build/DerivedSources/GeneratedAssetSymbols.swift (in target 'HairCure' from project 'HairCure')
    cd /Users/chetankandpal/Documents/HairCare/HairCure1\ 2
    

SwiftCompile normal arm64 Compiling\ CauseAttributionSection.swift /Users/chetankandpal/Documents/HairCare/HairCure1\ 2/haiRcure02/HairCure/Views/ScanResult/CauseAttributionSection.swift (in target 'HairCure' from project 'HairCure')

SwiftCompile normal arm64 /Users/chetankandpal/Documents/HairCare/HairCure1\ 2/haiRcure02/HairCure/Views/ScanResult/CauseAttributionSection.swift (in target 'HairCure' from project 'HairCure')
    cd /Users/chetankandpal/Documents/HairCare/HairCure1\ 2
    

SwiftDriverJobDiscovery normal arm64 Compiling GeneratedAssetSymbols.swift (in target 'HairCure' from project 'HairCure')

SwiftDriverJobDiscovery normal arm64 Compiling CauseAttributionSection.swift (in target 'HairCure' from project 'HairCure')

SwiftDriverJobDiscovery normal arm64 Compiling HairAnalysisViewModel.swift (in target 'HairCure' from project 'HairCure')

SwiftDriverJobDiscovery normal arm64 Compiling UserActions.swift (in target 'HairCure' from project 'HairCure')

SwiftDriverJobDiscovery normal arm64 Compiling AppDataStore.swift (in target 'HairCure' from project 'HairCure')

SwiftDriverJobDiscovery normal arm64 Compiling ContentView.swift (in target 'HairCure' from project 'HairCure')

SwiftDriverJobDiscovery normal arm64 Emitting module for HairCure (in target 'HairCure' from project 'HairCure')

SwiftDriver\ Compilation\ Requirements HairCure normal arm64 com.apple.xcode.tools.swift.compiler (in target 'HairCure' from project 'HairCure')
    cd /Users/chetankandpal/Documents/HairCare/HairCure1\ 2
    builtin-Swift-Compilation-Requirements -- /Applications/Xcode.app/Contents/Developer/Toolchains/XcodeDefault.xctoolchain/usr/bin/swiftc -module-name HairCure -Onone @/Users/chetankandpal/Library/Developer/Xcode/DerivedData/HairCure-bxfcalgpcrztptgmhmqbpxojsmjd/Build/Intermediates.noindex/HairCure.build/Debug-iphoneos/HairCure.build/Objects-normal/arm64/HairCure.SwiftFileList -DDEBUG -Xcc -fmodule-map-file\=/Users/chetankandpal/Library/Developer/Xcode/DerivedData/HairCure-bxfcalgpcrztptgmhmqbpxojsmjd/Build/Intermediates.noindex/GeneratedModuleMaps-iphoneos/AppAuth.modulemap -Xcc -fmodule-map-file\=/Users/chetankandpal/Library/Developer/Xcode/DerivedData/HairCure-bxfcalgpcrztptgmhmqbpxojsmjd/Build/Intermediates.noindex/GeneratedModuleMaps-iphoneos/AppAuthCore.modulemap -Xcc -fmodule-map-file\=/Users/chetankandpal/Library/Developer/Xcode/DerivedData/HairCure-bxfcalgpcrztptgmhmqbpxojsmjd/Build/Intermediates.noindex/GeneratedModuleMaps-iphoneos/GoogleUtilities-Logger.modulemap -Xcc -fmodule-map-file\=/Users/chetankandpal/Library/Developer/Xcode/DerivedData/HairCure-bxfcalgpcrztptgmhmqbpxojsmjd/Build/Intermediates.noindex/GeneratedModuleMaps-iphoneos/GoogleUtilities-Environment.modulemap -Xcc -fmodule-map-file\=/Users/chetankandpal/Library/Developer/Xcode/DerivedData/HairCure-bxfcalgpcrztptgmhmqbpxojsmjd/Build/Intermediates.noindex/GeneratedModuleMaps-iphoneos/third-party-IsAppEncrypted.modulemap -Xcc -fmodule-map-file\=/Users/chetankandpal/Library/Developer/Xcode/DerivedData/HairCure-bxfcalgpcrztptgmhmqbpxojsmjd/Build/Intermediates.noindex/GeneratedModuleMaps-iphoneos/GoogleUtilities-UserDefaults.modulemap -Xcc -fmodule-map-file\=/Users/chetankandpal/Library/Developer/Xcode/DerivedData/HairCure-bxfcalgpcrztptgmhmqbpxojsmjd/Build/Intermediates.noindex/GeneratedModuleMaps-iphoneos/AppCheckCore.modulemap -Xcc -fmodule-map-file\=/Users/chetankandpal/Library/Developer/Xcode/DerivedData/HairCure-bxfcalgpcrztptgmhmqbpxojsmjd/Build/Intermediates.noindex/GeneratedModuleMaps-iphoneos/GTMSessionFetcherCore.modulemap -Xcc -fmodule-map-file\=/Users/chetankandpal/Library/Developer/Xcode/DerivedData/HairCure-bxfcalgpcrztptgmhmqbpxojsmjd/Build/Intermediates.noindex/GeneratedModuleMaps-iphoneos/GoogleSignIn.modulemap -default-isolation\=MainActor -enable-bare-slash-regex -enable-upcoming-feature DisableOutwardActorInference -enable-upcoming-feature InferSendableFromCaptures -enable-upcoming-feature GlobalActorIsolatedTypesUsability -enable-upcoming-feature MemberImportVisibility -enable-upcoming-feature InferIsolatedConformances -enable-upcoming-feature NonisolatedNonsendingByDefault -enable-experimental-feature DebugDescriptionMacro -sdk /Applications/Xcode.app/Contents/Developer/Platforms/iPhoneOS.platform/Developer/SDKs/iPhoneOS26.5.sdk -target arm64-apple-ios26.0 -g -module-cache-path /Users/chetankandpal/Library/Developer/Xcode/DerivedData/ModuleCache.noindex -Xfrontend -serialize-debugging-options -enable-testing -index-store-path /Users/chetankandpal/Library/Developer/Xcode/DerivedData/HairCure-bxfcalgpcrztptgmhmqbpxojsmjd/Index.noindex/DataStore -Xcc -D_LIBCPP_HARDENING_MODE\=_LIBCPP_HARDENING_MODE_DEBUG -swift-version 5 -I /Users/chetankandpal/Library/Developer/Xcode/DerivedData/HairCure-bxfcalgpcrztptgmhmqbpxojsmjd/Build/Products/Debug-iphoneos -F /Users/chetankandpal/Library/Developer/Xcode/DerivedData/HairCure-bxfcalgpcrztptgmhmqbpxojsmjd/Build/Products/Debug-iphoneos/PackageFrameworks -F /Users/chetankandpal/Library/Developer/Xcode/DerivedData/HairCure-bxfcalgpcrztptgmhmqbpxojsmjd/Build/Products/Debug-iphoneos/PackageFrameworks -F /Users/chetankandpal/Library/Developer/Xcode/DerivedData/HairCure-bxfcalgpcrztptgmhmqbpxojsmjd/Build/Products/Debug-iphoneos/PackageFrameworks -F /Users/chetankandpal/Library/Developer/Xcode/DerivedData/HairCure-bxfcalgpcrztptgmhmqbpxojsmjd/Build/Products/Debug-iphoneos/PackageFrameworks -F /Users/chetankandpal/Library/Developer/Xcode/DerivedData/HairCure-bxfcalgpcrztptgmhmqbpxojsmjd/Build/Products/Debug-iphoneos/PackageFrameworks -F /Users/chetankandpal/Library/Developer/Xcode/DerivedData/HairCure-bxfcalgpcrztptgmhmqbpxojsmjd/Build/Products/Debug-iphoneos/PackageFrameworks -F /Users/chetankandpal/Library/Developer/Xcode/DerivedData/HairCure-bxfcalgpcrztptgmhmqbpxojsmjd/Build/Products/Debug-iphoneos/PackageFrameworks -F /Users/chetankandpal/Library/Developer/Xcode/DerivedData/HairCure-bxfcalgpcrztptgmhmqbpxojsmjd/Build/Products/Debug-iphoneos/PackageFrameworks -F /Users/chetankandpal/Library/Developer/Xcode/DerivedData/HairCure-bxfcalgpcrztptgmhmqbpxojsmjd/Build/Products/Debug-iphoneos/PackageFrameworks -F /Users/chetankandpal/Library/Developer/Xcode/DerivedData/HairCure-bxfcalgpcrztptgmhmqbpxojsmjd/Build/Products/Debug-iphoneos/PackageFrameworks -F /Users/chetankandpal/Library/Developer/Xcode/DerivedData/HairCure-bxfcalgpcrztptgmhmqbpxojsmjd/Build/Products/Debug-iphoneos/PackageFrameworks -F /Users/chetankandpal/Library/Developer/Xcode/DerivedData/HairCure-bxfcalgpcrztptgmhmqbpxojsmjd/Build/Products/Debug-iphoneos/PackageFrameworks -F /Users/chetankandpal/Library/Developer/Xcode/DerivedData/HairCure-bxfcalgpcrztptgmhmqbpxojsmjd/Build/Products/Debug-iphoneos/PackageFrameworks -F /Users/chetankandpal/Library/Developer/Xcode/DerivedData/HairCure-bxfcalgpcrztptgmhmqbpxojsmjd/Build/Products/Debug-iphoneos/PackageFrameworks -F /Users/chetankandpal/Library/Developer/Xcode/DerivedData/HairCure-bxfcalgpcrztptgmhmqbpxojsmjd/Build/Products/Debug-iphoneos/PackageFrameworks -F /Users/chetankandpal/Library/Developer/Xcode/DerivedData/HairCure-bxfcalgpcrztptgmhmqbpxojsmjd/Build/Products/Debug-iphoneos/PackageFrameworks -F /Users/chetankandpal/Library/Developer/Xcode/DerivedData/HairCure-bxfcalgpcrztptgmhmqbpxojsmjd/Build/Products/Debug-iphoneos/PackageFrameworks -F /Users/chetankandpal/Library/Developer/Xcode/DerivedData/HairCure-bxfcalgpcrztptgmhmqbpxojsmjd/Build/Products/Debug-iphoneos/PackageFrameworks -F /Users/chetankandpal/Library/Developer/Xcode/DerivedData/HairCure-bxfcalgpcrztptgmhmqbpxojsmjd/Build/Products/Debug-iphoneos/PackageFrameworks -F /Users/chetankandpal/Library/Developer/Xcode/DerivedData/HairCure-bxfcalgpcrztptgmhmqbpxojsmjd/Build/Products/Debug-iphoneos/PackageFrameworks -F /Users/chetankandpal/Library/Developer/Xcode/DerivedData/HairCure-bxfcalgpcrztptgmhmqbpxojsmjd/Build/Products/Debug-iphoneos/PackageFrameworks -F /Users/chetankandpal/Library/Developer/Xcode/DerivedData/HairCure-bxfcalgpcrztptgmhmqbpxojsmjd/Build/Products/Debug-iphoneos/PackageFrameworks -F /Users/chetankandpal/Library/Developer/Xcode/DerivedData/HairCure-bxfcalgpcrztptgmhmqbpxojsmjd/Build/Products/Debug-iphoneos/PackageFrameworks -F /Users/chetankandpal/Library/Developer/Xcode/DerivedData/HairCure-bxfcalgpcrztptgmhmqbpxojsmjd/Build/Products/Debug-iphoneos/PackageFrameworks -F /Users/chetankandpal/Library/Developer/Xcode/DerivedData/HairCure-bxfcalgpcrztptgmhmqbpxojsmjd/Build/Products/Debug-iphoneos/PackageFrameworks -F /Users/chetankandpal/Library/Developer/Xcode/DerivedData/HairCure-bxfcalgpcrztptgmhmqbpxojsmjd/Build/Products/Debug-iphoneos/PackageFrameworks -F /Users/chetankandpal/Library/Developer/Xcode/DerivedData/HairCure-bxfcalgpcrztptgmhmqbpxojsmjd/Build/Products/Debug-iphoneos -emit-localized-strings -emit-localized-strings-path /Users/chetankandpal/Library/Developer/Xcode/DerivedData/HairCure-bxfcalgpcrztptgmhmqbpxojsmjd/Build/Intermediates.noindex/HairCure.build/Debug-iphoneos/HairCure.build/Objects-normal/arm64 -c -j10 -enable-batch-mode -incremental -Xcc -ivfsstatcache -Xcc /Users/chetankandpal/Library/Developer/Xcode/DerivedData/SDKStatCaches.noindex/iphoneos26.5-23F73-32daed1954a7d5dd0789fcaf2a9bb78b.sdkstatcache -output-file-map /Users/chetankandpal/Library/Developer/Xcode/DerivedData/HairCure-bxfcalgpcrztptgmhmqbpxojsmjd/Build/Intermediates.noindex/HairCure.build/Debug-iphoneos/HairCure.build/Objects-normal/arm64/HairCure-OutputFileMap.json -use-frontend-parseable-output -save-temps -no-color-diagnostics -explicit-module-build -module-cache-path /Users/chetankandpal/Library/Developer/Xcode/DerivedData/HairCure-bxfcalgpcrztptgmhmqbpxojsmjd/Build/Intermediates.noindex/SwiftExplicitPrecompiledModules -clang-scanner-module-cache-path /Users/chetankandpal/Library/Developer/Xcode/DerivedData/ModuleCache.noindex -sdk-module-cache-path /Users/chetankandpal/Library/Developer/Xcode/DerivedData/ModuleCache.noindex -serialize-diagnostics -emit-dependencies -emit-module -emit-module-path /Users/chetankandpal/Library/Developer/Xcode/DerivedData/HairCure-bxfcalgpcrztptgmhmqbpxojsmjd/Build/Intermediates.noindex/HairCure.build/Debug-iphoneos/HairCure.build/Objects-normal/arm64/HairCure.swiftmodule -validate-clang-modules-once -clang-build-session-file /Users/chetankandpal/Library/Developer/Xcode/DerivedData/ModuleCache.noindex/Session.modulevalidation -Xcc -I/Users/chetankandpal/Library/Developer/Xcode/DerivedData/HairCure-bxfcalgpcrztptgmhmqbpxojsmjd/Build/Intermediates.noindex/HairCure.build/Debug-iphoneos/HairCure.build/swift-overrides.hmap -emit-const-values -Xfrontend -const-gather-protocols-file -Xfrontend /Users/chetankandpal/Library/Developer/Xcode/DerivedData/HairCure-bxfcalgpcrztptgmhmqbpxojsmjd/Build/Intermediates.noindex/HairCure.build/Debug-iphoneos/HairCure.build/Objects-normal/arm64/HairCure_const_extract_protocols.json -Xcc -iquote -Xcc /Users/chetankandpal/Library/Developer/Xcode/DerivedData/HairCure-bxfcalgpcrztptgmhmqbpxojsmjd/Build/Intermediates.noindex/HairCure.build/Debug-iphoneos/HairCure.build/HairCure-generated-files.hmap -Xcc -I/Users/chetankandpal/Library/Developer/Xcode/DerivedData/HairCure-bxfcalgpcrztptgmhmqbpxojsmjd/Build/Intermediates.noindex/HairCure.build/Debug-iphoneos/HairCure.build/HairCure-own-target-headers.hmap -Xcc -I/Users/chetankandpal/Library/Developer/Xcode/DerivedData/HairCure-bxfcalgpcrztptgmhmqbpxojsmjd/Build/Intermediates.noindex/HairCure.build/Debug-iphoneos/HairCure.build/HairCure-all-non-framework-target-headers.hmap -Xcc -ivfsoverlay -Xcc /Users/chetankandpal/Library/Developer/Xcode/DerivedData/HairCure-bxfcalgpcrztptgmhmqbpxojsmjd/Build/Intermediates.noindex/HairCure.build/Debug-iphoneos/HairCure-616e4cb554635f09716d051ef64c3736-VFS-iphoneos/all-product-headers.yaml -Xcc -iquote -Xcc /Users/chetankandpal/Library/Developer/Xcode/DerivedData/HairCure-bxfcalgpcrztptgmhmqbpxojsmjd/Build/Intermediates.noindex/HairCure.build/Debug-iphoneos/HairCure.build/HairCure-project-headers.hmap -Xcc -I/Users/chetankandpal/Library/Developer/Xcode/DerivedData/HairCure-bxfcalgpcrztptgmhmqbpxojsmjd/SourcePackages/checkouts/AppAuth-iOS/Sources/AppAuth -Xcc -I/Users/chetankandpal/Library/Developer/Xcode/DerivedData/HairCure-bxfcalgpcrztptgmhmqbpxojsmjd/SourcePackages/checkouts/AppAuth-iOS/Sources/AppAuthCore -Xcc -I/Users/chetankandpal/Library/Developer/Xcode/DerivedData/HairCure-bxfcalgpcrztptgmhmqbpxojsmjd/SourcePackages/checkouts/promises/Sources/FBLPromises/include -Xcc -I/Users/chetankandpal/Library/Developer/Xcode/DerivedData/HairCure-bxfcalgpcrztptgmhmqbpxojsmjd/SourcePackages/checkouts/GoogleUtilities/GoogleUtilities/Logger/Public -Xcc -I/Users/chetankandpal/Library/Developer/Xcode/DerivedData/HairCure-bxfcalgpcrztptgmhmqbpxojsmjd/SourcePackages/checkouts/GoogleUtilities/GoogleUtilities/Environment/Public -Xcc -I/Users/chetankandpal/Library/Developer/Xcode/DerivedData/HairCure-bxfcalgpcrztptgmhmqbpxojsmjd/SourcePackages/checkouts/GoogleUtilities/third_party/IsAppEncrypted/Public -Xcc -I/Users/chetankandpal/Library/Developer/Xcode/DerivedData/HairCure-bxfcalgpcrztptgmhmqbpxojsmjd/SourcePackages/checkouts/GoogleUtilities/GoogleUtilities/UserDefaults/Public -Xcc -I/Users/chetankandpal/Library/Developer/Xcode/DerivedData/HairCure-bxfcalgpcrztptgmhmqbpxojsmjd/SourcePackages/checkouts/app-check/AppCheckCore/Sources/Public -Xcc -I/Users/chetankandpal/Library/Developer/Xcode/DerivedData/HairCure-bxfcalgpcrztptgmhmqbpxojsmjd/SourcePackages/checkouts/gtm-session-fetcher/Sources/Core/Public -Xcc -I/Users/chetankandpal/Library/Developer/Xcode/DerivedData/HairCure-bxfcalgpcrztptgmhmqbpxojsmjd/SourcePackages/checkouts/GoogleSignIn-iOS/GoogleSignIn/Sources/Public -Xcc -I/Users/chetankandpal/Library/Developer/Xcode/DerivedData/HairCure-bxfcalgpcrztptgmhmqbpxojsmjd/Build/Products/Debug-iphoneos/include -Xcc -I/Users/chetankandpal/Library/Developer/Xcode/DerivedData/HairCure-bxfcalgpcrztptgmhmqbpxojsmjd/Build/Intermediates.noindex/HairCure.build/Debug-iphoneos/HairCure.build/DerivedSources-normal/arm64 -Xcc -I/Users/chetankandpal/Library/Developer/Xcode/DerivedData/HairCure-bxfcalgpcrztptgmhmqbpxojsmjd/Build/Intermediates.noindex/HairCure.build/Debug-iphoneos/HairCure.build/DerivedSources/arm64 -Xcc -I/Users/chetankandpal/Library/Developer/Xcode/DerivedData/HairCure-bxfcalgpcrztptgmhmqbpxojsmjd/Build/Intermediates.noindex/HairCure.build/Debug-iphoneos/HairCure.build/DerivedSources -Xcc -DDEBUG\=1 -emit-objc-header -emit-objc-header-path /Users/chetankandpal/Library/Developer/Xcode/DerivedData/HairCure-bxfcalgpcrztptgmhmqbpxojsmjd/Build/Intermediates.noindex/HairCure.build/Debug-iphoneos/HairCure.build/Objects-normal/arm64/HairCure-Swift.h -working-directory /Users/chetankandpal/Documents/HairCare/HairCure1\ 2 -experimental-emit-module-separately -disable-cmo

Copy /Users/chetankandpal/Library/Developer/Xcode/DerivedData/HairCure-bxfcalgpcrztptgmhmqbpxojsmjd/Build/Products/Debug-iphoneos/HairCure.swiftmodule/arm64-apple-ios.abi.json /Users/chetankandpal/Library/Developer/Xcode/DerivedData/HairCure-bxfcalgpcrztptgmhmqbpxojsmjd/Build/Intermediates.noindex/HairCure.build/Debug-iphoneos/HairCure.build/Objects-normal/arm64/HairCure.abi.json (in target 'HairCure' from project 'HairCure')
    cd /Users/chetankandpal/Documents/HairCare/HairCure1\ 2
    builtin-copy -exclude .DS_Store -exclude CVS -exclude .svn -exclude .git -exclude .hg -resolve-src-symlinks -rename /Users/chetankandpal/Library/Developer/Xcode/DerivedData/HairCure-bxfcalgpcrztptgmhmqbpxojsmjd/Build/Intermediates.noindex/HairCure.build/Debug-iphoneos/HairCure.build/Objects-normal/arm64/HairCure.abi.json /Users/chetankandpal/Library/Developer/Xcode/DerivedData/HairCure-bxfcalgpcrztptgmhmqbpxojsmjd/Build/Products/Debug-iphoneos/HairCure.swiftmodule/arm64-apple-ios.abi.json

Copy /Users/chetankandpal/Library/Developer/Xcode/DerivedData/HairCure-bxfcalgpcrztptgmhmqbpxojsmjd/Build/Products/Debug-iphoneos/HairCure.swiftmodule/Project/arm64-apple-ios.swiftsourceinfo /Users/chetankandpal/Library/Developer/Xcode/DerivedData/HairCure-bxfcalgpcrztptgmhmqbpxojsmjd/Build/Intermediates.noindex/HairCure.build/Debug-iphoneos/HairCure.build/Objects-normal/arm64/HairCure.swiftsourceinfo (in target 'HairCure' from project 'HairCure')
    cd /Users/chetankandpal/Documents/HairCare/HairCure1\ 2
    builtin-copy -exclude .DS_Store -exclude CVS -exclude .svn -exclude .git -exclude .hg -resolve-src-symlinks -rename /Users/chetankandpal/Library/Developer/Xcode/DerivedData/HairCure-bxfcalgpcrztptgmhmqbpxojsmjd/Build/Intermediates.noindex/HairCure.build/Debug-iphoneos/HairCure.build/Objects-normal/arm64/HairCure.swiftsourceinfo /Users/chetankandpal/Library/Developer/Xcode/DerivedData/HairCure-bxfcalgpcrztptgmhmqbpxojsmjd/Build/Products/Debug-iphoneos/HairCure.swiftmodule/Project/arm64-apple-ios.swiftsourceinfo

SwiftDriverJobDiscovery normal arm64 Compiling HairProgressView.swift (in target 'HairCure' from project 'HairCure')

SwiftDriver\ Compilation HairCure normal arm64 com.apple.xcode.tools.swift.compiler (in target 'HairCure' from project 'HairCure')
    cd /Users/chetankandpal/Documents/HairCare/HairCure1\ 2
    builtin-Swift-Compilation -- /Applications/Xcode.app/Contents/Developer/Toolchains/XcodeDefault.xctoolchain/usr/bin/swiftc -module-name HairCure -Onone @/Users/chetankandpal/Library/Developer/Xcode/DerivedData/HairCure-bxfcalgpcrztptgmhmqbpxojsmjd/Build/Intermediates.noindex/HairCure.build/Debug-iphoneos/HairCure.build/Objects-normal/arm64/HairCure.SwiftFileList -DDEBUG -Xcc -fmodule-map-file\=/Users/chetankandpal/Library/Developer/Xcode/DerivedData/HairCure-bxfcalgpcrztptgmhmqbpxojsmjd/Build/Intermediates.noindex/GeneratedModuleMaps-iphoneos/AppAuth.modulemap -Xcc -fmodule-map-file\=/Users/chetankandpal/Library/Developer/Xcode/DerivedData/HairCure-bxfcalgpcrztptgmhmqbpxojsmjd/Build/Intermediates.noindex/GeneratedModuleMaps-iphoneos/AppAuthCore.modulemap -Xcc -fmodule-map-file\=/Users/chetankandpal/Library/Developer/Xcode/DerivedData/HairCure-bxfcalgpcrztptgmhmqbpxojsmjd/Build/Intermediates.noindex/GeneratedModuleMaps-iphoneos/GoogleUtilities-Logger.modulemap -Xcc -fmodule-map-file\=/Users/chetankandpal/Library/Developer/Xcode/DerivedData/HairCure-bxfcalgpcrztptgmhmqbpxojsmjd/Build/Intermediates.noindex/GeneratedModuleMaps-iphoneos/GoogleUtilities-Environment.modulemap -Xcc -fmodule-map-file\=/Users/chetankandpal/Library/Developer/Xcode/DerivedData/HairCure-bxfcalgpcrztptgmhmqbpxojsmjd/Build/Intermediates.noindex/GeneratedModuleMaps-iphoneos/third-party-IsAppEncrypted.modulemap -Xcc -fmodule-map-file\=/Users/chetankandpal/Library/Developer/Xcode/DerivedData/HairCure-bxfcalgpcrztptgmhmqbpxojsmjd/Build/Intermediates.noindex/GeneratedModuleMaps-iphoneos/GoogleUtilities-UserDefaults.modulemap -Xcc -fmodule-map-file\=/Users/chetankandpal/Library/Developer/Xcode/DerivedData/HairCure-bxfcalgpcrztptgmhmqbpxojsmjd/Build/Intermediates.noindex/GeneratedModuleMaps-iphoneos/AppCheckCore.modulemap -Xcc -fmodule-map-file\=/Users/chetankandpal/Library/Developer/Xcode/DerivedData/HairCure-bxfcalgpcrztptgmhmqbpxojsmjd/Build/Intermediates.noindex/GeneratedModuleMaps-iphoneos/GTMSessionFetcherCore.modulemap -Xcc -fmodule-map-file\=/Users/chetankandpal/Library/Developer/Xcode/DerivedData/HairCure-bxfcalgpcrztptgmhmqbpxojsmjd/Build/Intermediates.noindex/GeneratedModuleMaps-iphoneos/GoogleSignIn.modulemap -default-isolation\=MainActor -enable-bare-slash-regex -enable-upcoming-feature DisableOutwardActorInference -enable-upcoming-feature InferSendableFromCaptures -enable-upcoming-feature GlobalActorIsolatedTypesUsability -enable-upcoming-feature MemberImportVisibility -enable-upcoming-feature InferIsolatedConformances -enable-upcoming-feature NonisolatedNonsendingByDefault -enable-experimental-feature DebugDescriptionMacro -sdk /Applications/Xcode.app/Contents/Developer/Platforms/iPhoneOS.platform/Developer/SDKs/iPhoneOS26.5.sdk -target arm64-apple-ios26.0 -g -module-cache-path /Users/chetankandpal/Library/Developer/Xcode/DerivedData/ModuleCache.noindex -Xfrontend -serialize-debugging-options -enable-testing -index-store-path /Users/chetankandpal/Library/Developer/Xcode/DerivedData/HairCure-bxfcalgpcrztptgmhmqbpxojsmjd/Index.noindex/DataStore -Xcc -D_LIBCPP_HARDENING_MODE\=_LIBCPP_HARDENING_MODE_DEBUG -swift-version 5 -I /Users/chetankandpal/Library/Developer/Xcode/DerivedData/HairCure-bxfcalgpcrztptgmhmqbpxojsmjd/Build/Products/Debug-iphoneos -F /Users/chetankandpal/Library/Developer/Xcode/DerivedData/HairCure-bxfcalgpcrztptgmhmqbpxojsmjd/Build/Products/Debug-iphoneos/PackageFrameworks -F /Users/chetankandpal/Library/Developer/Xcode/DerivedData/HairCure-bxfcalgpcrztptgmhmqbpxojsmjd/Build/Products/Debug-iphoneos/PackageFrameworks -F /Users/chetankandpal/Library/Developer/Xcode/DerivedData/HairCure-bxfcalgpcrztptgmhmqbpxojsmjd/Build/Products/Debug-iphoneos/PackageFrameworks -F /Users/chetankandpal/Library/Developer/Xcode/DerivedData/HairCure-bxfcalgpcrztptgmhmqbpxojsmjd/Build/Products/Debug-iphoneos/PackageFrameworks -F /Users/chetankandpal/Library/Developer/Xcode/DerivedData/HairCure-bxfcalgpcrztptgmhmqbpxojsmjd/Build/Products/Debug-iphoneos/PackageFrameworks -F /Users/chetankandpal/Library/Developer/Xcode/DerivedData/HairCure-bxfcalgpcrztptgmhmqbpxojsmjd/Build/Products/Debug-iphoneos/PackageFrameworks -F /Users/chetankandpal/Library/Developer/Xcode/DerivedData/HairCure-bxfcalgpcrztptgmhmqbpxojsmjd/Build/Products/Debug-iphoneos/PackageFrameworks -F /Users/chetankandpal/Library/Developer/Xcode/DerivedData/HairCure-bxfcalgpcrztptgmhmqbpxojsmjd/Build/Products/Debug-iphoneos/PackageFrameworks -F /Users/chetankandpal/Library/Developer/Xcode/DerivedData/HairCure-bxfcalgpcrztptgmhmqbpxojsmjd/Build/Products/Debug-iphoneos/PackageFrameworks -F /Users/chetankandpal/Library/Developer/Xcode/DerivedData/HairCure-bxfcalgpcrztptgmhmqbpxojsmjd/Build/Products/Debug-iphoneos/PackageFrameworks -F /Users/chetankandpal/Library/Developer/Xcode/DerivedData/HairCure-bxfcalgpcrztptgmhmqbpxojsmjd/Build/Products/Debug-iphoneos/PackageFrameworks -F /Users/chetankandpal/Library/Developer/Xcode/DerivedData/HairCure-bxfcalgpcrztptgmhmqbpxojsmjd/Build/Products/Debug-iphoneos/PackageFrameworks -F /Users/chetankandpal/Library/Developer/Xcode/DerivedData/HairCure-bxfcalgpcrztptgmhmqbpxojsmjd/Build/Products/Debug-iphoneos/PackageFrameworks -F /Users/chetankandpal/Library/Developer/Xcode/DerivedData/HairCure-bxfcalgpcrztptgmhmqbpxojsmjd/Build/Products/Debug-iphoneos/PackageFrameworks -F /Users/chetankandpal/Library/Developer/Xcode/DerivedData/HairCure-bxfcalgpcrztptgmhmqbpxojsmjd/Build/Products/Debug-iphoneos/PackageFrameworks -F /Users/chetankandpal/Library/Developer/Xcode/DerivedData/HairCure-bxfcalgpcrztptgmhmqbpxojsmjd/Build/Products/Debug-iphoneos/PackageFrameworks -F /Users/chetankandpal/Library/Developer/Xcode/DerivedData/HairCure-bxfcalgpcrztptgmhmqbpxojsmjd/Build/Products/Debug-iphoneos/PackageFrameworks -F /Users/chetankandpal/Library/Developer/Xcode/DerivedData/HairCure-bxfcalgpcrztptgmhmqbpxojsmjd/Build/Products/Debug-iphoneos/PackageFrameworks -F /Users/chetankandpal/Library/Developer/Xcode/DerivedData/HairCure-bxfcalgpcrztptgmhmqbpxojsmjd/Build/Products/Debug-iphoneos/PackageFrameworks -F /Users/chetankandpal/Library/Developer/Xcode/DerivedData/HairCure-bxfcalgpcrztptgmhmqbpxojsmjd/Build/Products/Debug-iphoneos/PackageFrameworks -F /Users/chetankandpal/Library/Developer/Xcode/DerivedData/HairCure-bxfcalgpcrztptgmhmqbpxojsmjd/Build/Products/Debug-iphoneos/PackageFrameworks -F /Users/chetankandpal/Library/Developer/Xcode/DerivedData/HairCure-bxfcalgpcrztptgmhmqbpxojsmjd/Build/Products/Debug-iphoneos/PackageFrameworks -F /Users/chetankandpal/Library/Developer/Xcode/DerivedData/HairCure-bxfcalgpcrztptgmhmqbpxojsmjd/Build/Products/Debug-iphoneos/PackageFrameworks -F /Users/chetankandpal/Library/Developer/Xcode/DerivedData/HairCure-bxfcalgpcrztptgmhmqbpxojsmjd/Build/Products/Debug-iphoneos/PackageFrameworks -F /Users/chetankandpal/Library/Developer/Xcode/DerivedData/HairCure-bxfcalgpcrztptgmhmqbpxojsmjd/Build/Products/Debug-iphoneos/PackageFrameworks -F /Users/chetankandpal/Library/Developer/Xcode/DerivedData/HairCure-bxfcalgpcrztptgmhmqbpxojsmjd/Build/Products/Debug-iphoneos/PackageFrameworks -F /Users/chetankandpal/Library/Developer/Xcode/DerivedData/HairCure-bxfcalgpcrztptgmhmqbpxojsmjd/Build/Products/Debug-iphoneos -emit-localized-strings -emit-localized-strings-path /Users/chetankandpal/Library/Developer/Xcode/DerivedData/HairCure-bxfcalgpcrztptgmhmqbpxojsmjd/Build/Intermediates.noindex/HairCure.build/Debug-iphoneos/HairCure.build/Objects-normal/arm64 -c -j10 -enable-batch-mode -incremental -Xcc -ivfsstatcache -Xcc /Users/chetankandpal/Library/Developer/Xcode/DerivedData/SDKStatCaches.noindex/iphoneos26.5-23F73-32daed1954a7d5dd0789fcaf2a9bb78b.sdkstatcache -output-file-map /Users/chetankandpal/Library/Developer/Xcode/DerivedData/HairCure-bxfcalgpcrztptgmhmqbpxojsmjd/Build/Intermediates.noindex/HairCure.build/Debug-iphoneos/HairCure.build/Objects-normal/arm64/HairCure-OutputFileMap.json -use-frontend-parseable-output -save-temps -no-color-diagnostics -explicit-module-build -module-cache-path /Users/chetankandpal/Library/Developer/Xcode/DerivedData/HairCure-bxfcalgpcrztptgmhmqbpxojsmjd/Build/Intermediates.noindex/SwiftExplicitPrecompiledModules -clang-scanner-module-cache-path /Users/chetankandpal/Library/Developer/Xcode/DerivedData/ModuleCache.noindex -sdk-module-cache-path /Users/chetankandpal/Library/Developer/Xcode/DerivedData/ModuleCache.noindex -serialize-diagnostics -emit-dependencies -emit-module -emit-module-path /Users/chetankandpal/Library/Developer/Xcode/DerivedData/HairCure-bxfcalgpcrztptgmhmqbpxojsmjd/Build/Intermediates.noindex/HairCure.build/Debug-iphoneos/HairCure.build/Objects-normal/arm64/HairCure.swiftmodule -validate-clang-modules-once -clang-build-session-file /Users/chetankandpal/Library/Developer/Xcode/DerivedData/ModuleCache.noindex/Session.modulevalidation -Xcc -I/Users/chetankandpal/Library/Developer/Xcode/DerivedData/HairCure-bxfcalgpcrztptgmhmqbpxojsmjd/Build/Intermediates.noindex/HairCure.build/Debug-iphoneos/HairCure.build/swift-overrides.hmap -emit-const-values -Xfrontend -const-gather-protocols-file -Xfrontend /Users/chetankandpal/Library/Developer/Xcode/DerivedData/HairCure-bxfcalgpcrztptgmhmqbpxojsmjd/Build/Intermediates.noindex/HairCure.build/Debug-iphoneos/HairCure.build/Objects-normal/arm64/HairCure_const_extract_protocols.json -Xcc -iquote -Xcc /Users/chetankandpal/Library/Developer/Xcode/DerivedData/HairCure-bxfcalgpcrztptgmhmqbpxojsmjd/Build/Intermediates.noindex/HairCure.build/Debug-iphoneos/HairCure.build/HairCure-generated-files.hmap -Xcc -I/Users/chetankandpal/Library/Developer/Xcode/DerivedData/HairCure-bxfcalgpcrztptgmhmqbpxojsmjd/Build/Intermediates.noindex/HairCure.build/Debug-iphoneos/HairCure.build/HairCure-own-target-headers.hmap -Xcc -I/Users/chetankandpal/Library/Developer/Xcode/DerivedData/HairCure-bxfcalgpcrztptgmhmqbpxojsmjd/Build/Intermediates.noindex/HairCure.build/Debug-iphoneos/HairCure.build/HairCure-all-non-framework-target-headers.hmap -Xcc -ivfsoverlay -Xcc /Users/chetankandpal/Library/Developer/Xcode/DerivedData/HairCure-bxfcalgpcrztptgmhmqbpxojsmjd/Build/Intermediates.noindex/HairCure.build/Debug-iphoneos/HairCure-616e4cb554635f09716d051ef64c3736-VFS-iphoneos/all-product-headers.yaml -Xcc -iquote -Xcc /Users/chetankandpal/Library/Developer/Xcode/DerivedData/HairCure-bxfcalgpcrztptgmhmqbpxojsmjd/Build/Intermediates.noindex/HairCure.build/Debug-iphoneos/HairCure.build/HairCure-project-headers.hmap -Xcc -I/Users/chetankandpal/Library/Developer/Xcode/DerivedData/HairCure-bxfcalgpcrztptgmhmqbpxojsmjd/SourcePackages/checkouts/AppAuth-iOS/Sources/AppAuth -Xcc -I/Users/chetankandpal/Library/Developer/Xcode/DerivedData/HairCure-bxfcalgpcrztptgmhmqbpxojsmjd/SourcePackages/checkouts/AppAuth-iOS/Sources/AppAuthCore -Xcc -I/Users/chetankandpal/Library/Developer/Xcode/DerivedData/HairCure-bxfcalgpcrztptgmhmqbpxojsmjd/SourcePackages/checkouts/promises/Sources/FBLPromises/include -Xcc -I/Users/chetankandpal/Library/Developer/Xcode/DerivedData/HairCure-bxfcalgpcrztptgmhmqbpxojsmjd/SourcePackages/checkouts/GoogleUtilities/GoogleUtilities/Logger/Public -Xcc -I/Users/chetankandpal/Library/Developer/Xcode/DerivedData/HairCure-bxfcalgpcrztptgmhmqbpxojsmjd/SourcePackages/checkouts/GoogleUtilities/GoogleUtilities/Environment/Public -Xcc -I/Users/chetankandpal/Library/Developer/Xcode/DerivedData/HairCure-bxfcalgpcrztptgmhmqbpxojsmjd/SourcePackages/checkouts/GoogleUtilities/third_party/IsAppEncrypted/Public -Xcc -I/Users/chetankandpal/Library/Developer/Xcode/DerivedData/HairCure-bxfcalgpcrztptgmhmqbpxojsmjd/SourcePackages/checkouts/GoogleUtilities/GoogleUtilities/UserDefaults/Public -Xcc -I/Users/chetankandpal/Library/Developer/Xcode/DerivedData/HairCure-bxfcalgpcrztptgmhmqbpxojsmjd/SourcePackages/checkouts/app-check/AppCheckCore/Sources/Public -Xcc -I/Users/chetankandpal/Library/Developer/Xcode/DerivedData/HairCure-bxfcalgpcrztptgmhmqbpxojsmjd/SourcePackages/checkouts/gtm-session-fetcher/Sources/Core/Public -Xcc -I/Users/chetankandpal/Library/Developer/Xcode/DerivedData/HairCure-bxfcalgpcrztptgmhmqbpxojsmjd/SourcePackages/checkouts/GoogleSignIn-iOS/GoogleSignIn/Sources/Public -Xcc -I/Users/chetankandpal/Library/Developer/Xcode/DerivedData/HairCure-bxfcalgpcrztptgmhmqbpxojsmjd/Build/Products/Debug-iphoneos/include -Xcc -I/Users/chetankandpal/Library/Developer/Xcode/DerivedData/HairCure-bxfcalgpcrztptgmhmqbpxojsmjd/Build/Intermediates.noindex/HairCure.build/Debug-iphoneos/HairCure.build/DerivedSources-normal/arm64 -Xcc -I/Users/chetankandpal/Library/Developer/Xcode/DerivedData/HairCure-bxfcalgpcrztptgmhmqbpxojsmjd/Build/Intermediates.noindex/HairCure.build/Debug-iphoneos/HairCure.build/DerivedSources/arm64 -Xcc -I/Users/chetankandpal/Library/Developer/Xcode/DerivedData/HairCure-bxfcalgpcrztptgmhmqbpxojsmjd/Build/Intermediates.noindex/HairCure.build/Debug-iphoneos/HairCure.build/DerivedSources -Xcc -DDEBUG\=1 -emit-objc-header -emit-objc-header-path /Users/chetankandpal/Library/Developer/Xcode/DerivedData/HairCure-bxfcalgpcrztptgmhmqbpxojsmjd/Build/Intermediates.noindex/HairCure.build/Debug-iphoneos/HairCure.build/Objects-normal/arm64/HairCure-Swift.h -working-directory /Users/chetankandpal/Documents/HairCare/HairCure1\ 2 -experimental-emit-module-separately -disable-cmo

Ld /Users/chetankandpal/Library/Developer/Xcode/DerivedData/HairCure-bxfcalgpcrztptgmhmqbpxojsmjd/Build/Products/Debug-iphoneos/HairCure.app/HairCure.debug.dylib normal (in target 'HairCure' from project 'HairCure')
    cd /Users/chetankandpal/Documents/HairCare/HairCure1\ 2
    /Applications/Xcode.app/Contents/Developer/Toolchains/XcodeDefault.xctoolchain/usr/bin/clang -Xlinker -reproducible -target arm64-apple-ios26.0 -dynamiclib -isysroot /Applications/Xcode.app/Contents/Developer/Platforms/iPhoneOS.platform/Developer/SDKs/iPhoneOS26.5.sdk -O0 -L/Users/chetankandpal/Library/Developer/Xcode/DerivedData/HairCure-bxfcalgpcrztptgmhmqbpxojsmjd/Build/Intermediates.noindex/EagerLinkingTBDs/Debug-iphoneos -L/Users/chetankandpal/Library/Developer/Xcode/DerivedData/HairCure-bxfcalgpcrztptgmhmqbpxojsmjd/Build/Products/Debug-iphoneos -F/Users/chetankandpal/Library/Developer/Xcode/DerivedData/HairCure-bxfcalgpcrztptgmhmqbpxojsmjd/Build/Intermediates.noindex/EagerLinkingTBDs/Debug-iphoneos -F/Users/chetankandpal/Library/Developer/Xcode/DerivedData/HairCure-bxfcalgpcrztptgmhmqbpxojsmjd/Build/Products/Debug-iphoneos/PackageFrameworks -F/Users/chetankandpal/Library/Developer/Xcode/DerivedData/HairCure-bxfcalgpcrztptgmhmqbpxojsmjd/Build/Products/Debug-iphoneos/PackageFrameworks -F/Users/chetankandpal/Library/Developer/Xcode/DerivedData/HairCure-bxfcalgpcrztptgmhmqbpxojsmjd/Build/Products/Debug-iphoneos/PackageFrameworks -F/Users/chetankandpal/Library/Developer/Xcode/DerivedData/HairCure-bxfcalgpcrztptgmhmqbpxojsmjd/Build/Products/Debug-iphoneos/PackageFrameworks -F/Users/chetankandpal/Library/Developer/Xcode/DerivedData/HairCure-bxfcalgpcrztptgmhmqbpxojsmjd/Build/Products/Debug-iphoneos/PackageFrameworks -F/Users/chetankandpal/Library/Developer/Xcode/DerivedData/HairCure-bxfcalgpcrztptgmhmqbpxojsmjd/Build/Products/Debug-iphoneos/PackageFrameworks -F/Users/chetankandpal/Library/Developer/Xcode/DerivedData/HairCure-bxfcalgpcrztptgmhmqbpxojsmjd/Build/Products/Debug-iphoneos/PackageFrameworks -F/Users/chetankandpal/Library/Developer/Xcode/DerivedData/HairCure-bxfcalgpcrztptgmhmqbpxojsmjd/Build/Products/Debug-iphoneos/PackageFrameworks -F/Users/chetankandpal/Library/Developer/Xcode/DerivedData/HairCure-bxfcalgpcrztptgmhmqbpxojsmjd/Build/Products/Debug-iphoneos/PackageFrameworks -F/Users/chetankandpal/Library/Developer/Xcode/DerivedData/HairCure-bxfcalgpcrztptgmhmqbpxojsmjd/Build/Products/Debug-iphoneos/PackageFrameworks -F/Users/chetankandpal/Library/Developer/Xcode/DerivedData/HairCure-bxfcalgpcrztptgmhmqbpxojsmjd/Build/Products/Debug-iphoneos/PackageFrameworks -F/Users/chetankandpal/Library/Developer/Xcode/DerivedData/HairCure-bxfcalgpcrztptgmhmqbpxojsmjd/Build/Products/Debug-iphoneos/PackageFrameworks -F/Users/chetankandpal/Library/Developer/Xcode/DerivedData/HairCure-bxfcalgpcrztptgmhmqbpxojsmjd/Build/Products/Debug-iphoneos/PackageFrameworks -F/Users/chetankandpal/Library/Developer/Xcode/DerivedData/HairCure-bxfcalgpcrztptgmhmqbpxojsmjd/Build/Products/Debug-iphoneos/PackageFrameworks -F/Users/chetankandpal/Library/Developer/Xcode/DerivedData/HairCure-bxfcalgpcrztptgmhmqbpxojsmjd/Build/Products/Debug-iphoneos/PackageFrameworks -F/Users/chetankandpal/Library/Developer/Xcode/DerivedData/HairCure-bxfcalgpcrztptgmhmqbpxojsmjd/Build/Products/Debug-iphoneos/PackageFrameworks -F/Users/chetankandpal/Library/Developer/Xcode/DerivedData/HairCure-bxfcalgpcrztptgmhmqbpxojsmjd/Build/Products/Debug-iphoneos/PackageFrameworks -F/Users/chetankandpal/Library/Developer/Xcode/DerivedData/HairCure-bxfcalgpcrztptgmhmqbpxojsmjd/Build/Products/Debug-iphoneos/PackageFrameworks -F/Users/chetankandpal/Library/Developer/Xcode/DerivedData/HairCure-bxfcalgpcrztptgmhmqbpxojsmjd/Build/Products/Debug-iphoneos/PackageFrameworks -F/Users/chetankandpal/Library/Developer/Xcode/DerivedData/HairCure-bxfcalgpcrztptgmhmqbpxojsmjd/Build/Products/Debug-iphoneos/PackageFrameworks -F/Users/chetankandpal/Library/Developer/Xcode/DerivedData/HairCure-bxfcalgpcrztptgmhmqbpxojsmjd/Build/Products/Debug-iphoneos/PackageFrameworks -F/Users/chetankandpal/Library/Developer/Xcode/DerivedData/HairCure-bxfcalgpcrztptgmhmqbpxojsmjd/Build/Products/Debug-iphoneos/PackageFrameworks -F/Users/chetankandpal/Library/Developer/Xcode/DerivedData/HairCure-bxfcalgpcrztptgmhmqbpxojsmjd/Build/Products/Debug-iphoneos/PackageFrameworks -F/Users/chetankandpal/Library/Developer/Xcode/DerivedData/HairCure-bxfcalgpcrztptgmhmqbpxojsmjd/Build/Products/Debug-iphoneos/PackageFrameworks -F/Users/chetankandpal/Library/Developer/Xcode/DerivedData/HairCure-bxfcalgpcrztptgmhmqbpxojsmjd/Build/Products/Debug-iphoneos/PackageFrameworks -F/Users/chetankandpal/Library/Developer/Xcode/DerivedData/HairCure-bxfcalgpcrztptgmhmqbpxojsmjd/Build/Products/Debug-iphoneos/PackageFrameworks -F/Users/chetankandpal/Library/Developer/Xcode/DerivedData/HairCure-bxfcalgpcrztptgmhmqbpxojsmjd/Build/Products/Debug-iphoneos -filelist /Users/chetankandpal/Library/Developer/Xcode/DerivedData/HairCure-bxfcalgpcrztptgmhmqbpxojsmjd/Build/Intermediates.noindex/HairCure.build/Debug-iphoneos/HairCure.build/Objects-normal/arm64/HairCure.LinkFileList -install_name @rpath/HairCure.debug.dylib -Xlinker -rpath -Xlinker /Users/chetankandpal/Library/Developer/Xcode/DerivedData/HairCure-bxfcalgpcrztptgmhmqbpxojsmjd/Build/Products/Debug-iphoneos/PackageFrameworks -Xlinker -rpath -Xlinker @executable_path/Frameworks -Xlinker -dead_strip -Xlinker -object_path_lto -Xlinker /Users/chetankandpal/Library/Developer/Xcode/DerivedData/HairCure-bxfcalgpcrztptgmhmqbpxojsmjd/Build/Intermediates.noindex/HairCure.build/Debug-iphoneos/HairCure.build/Objects-normal/arm64/HairCure_lto.o -rdynamic -Xlinker -no_deduplicate -Xlinker -dependency_info -Xlinker /Users/chetankandpal/Library/Developer/Xcode/DerivedData/HairCure-bxfcalgpcrztptgmhmqbpxojsmjd/Build/Intermediates.noindex/HairCure.build/Debug-iphoneos/HairCure.build/Objects-normal/arm64/HairCure_dependency_info.dat -fobjc-link-runtime -L/Applications/Xcode.app/Contents/Developer/Toolchains/XcodeDefault.xctoolchain/usr/lib/swift/iphoneos -L/usr/lib/swift -Xlinker -add_ast_path -Xlinker /Users/chetankandpal/Library/Developer/Xcode/DerivedData/HairCure-bxfcalgpcrztptgmhmqbpxojsmjd/Build/Intermediates.noindex/HairCure.build/Debug-iphoneos/HairCure.build/Objects-normal/arm64/HairCure.swiftmodule @/Users/chetankandpal/Library/Developer/Xcode/DerivedData/HairCure-bxfcalgpcrztptgmhmqbpxojsmjd/Build/Intermediates.noindex/HairCure.build/Debug-iphoneos/HairCure.build/Objects-normal/arm64/HairCure-linker-args.resp -Wl,-no_warn_duplicate_libraries -Wl,-no_warn_duplicate_libraries -Wl,-no_warn_duplicate_libraries -Wl,-no_warn_duplicate_libraries -Wl,-no_warn_duplicate_libraries -Wl,-no_warn_duplicate_libraries -Wl,-no_warn_duplicate_libraries -Wl,-no_warn_duplicate_libraries -Wl,-no_warn_duplicate_libraries -Wl,-no_warn_duplicate_libraries -Wl,-no_warn_duplicate_libraries -Wl,-no_warn_duplicate_libraries -Wl,-no_warn_duplicate_libraries -Wl,-no_warn_duplicate_libraries -Wl,-no_warn_duplicate_libraries -Wl,-no_warn_duplicate_libraries -Wl,-no_warn_duplicate_libraries -Wl,-no_warn_duplicate_libraries -Wl,-no_warn_duplicate_libraries -Wl,-no_warn_duplicate_libraries -Wl,-no_warn_duplicate_libraries -Wl,-no_warn_duplicate_libraries -Wl,-no_warn_duplicate_libraries -Wl,-no_warn_duplicate_libraries -Wl,-no_warn_duplicate_libraries -Wl,-no_warn_duplicate_libraries -framework CoreGraphics -framework CoreText -framework Foundation -framework LocalAuthentication -framework Security -framework UIKit -framework Security -framework DeviceCheck -Xlinker -alias -Xlinker _main -Xlinker ___debug_main_executable_dylib_entry_point -Xlinker -no_adhoc_codesign -o /Users/chetankandpal/Library/Developer/Xcode/DerivedData/HairCure-bxfcalgpcrztptgmhmqbpxojsmjd/Build/Products/Debug-iphoneos/HairCure.app/HairCure.debug.dylib -Xlinker -add_ast_path -Xlinker /Users/chetankandpal/Library/Developer/Xcode/DerivedData/HairCure-bxfcalgpcrztptgmhmqbpxojsmjd/Build/Intermediates.noindex/GTMAppAuth.build/Debug-iphoneos/GTMAppAuth.build/Objects-normal/arm64/GTMAppAuth.swiftmodule @/Users/chetankandpal/Library/Developer/Xcode/DerivedData/HairCure-bxfcalgpcrztptgmhmqbpxojsmjd/Build/Intermediates.noindex/GTMAppAuth.build/Debug-iphoneos/GTMAppAuth.build/Objects-normal/arm64/GTMAppAuth-linker-args.resp -Xlinker -add_ast_path -Xlinker /Users/chetankandpal/Library/Developer/Xcode/DerivedData/HairCure-bxfcalgpcrztptgmhmqbpxojsmjd/Build/Intermediates.noindex/Supabase.build/Debug-iphoneos/Supabase.build/Objects-normal/arm64/Supabase.swiftmodule @/Users/chetankandpal/Library/Developer/Xcode/DerivedData/HairCure-bxfcalgpcrztptgmhmqbpxojsmjd/Build/Intermediates.noindex/Supabase.build/Debug-iphoneos/Supabase.build/Objects-normal/arm64/Supabase-linker-args.resp -Xlinker -add_ast_path -Xlinker /Users/chetankandpal/Library/Developer/Xcode/DerivedData/HairCure-bxfcalgpcrztptgmhmqbpxojsmjd/Build/Intermediates.noindex/swift-concurrency-extras.build/Debug-iphoneos/ConcurrencyExtras.build/Objects-normal/arm64/ConcurrencyExtras.swiftmodule @/Users/chetankandpal/Library/Developer/Xcode/DerivedData/HairCure-bxfcalgpcrztptgmhmqbpxojsmjd/Build/Intermediates.noindex/swift-concurrency-extras.build/Debug-iphoneos/ConcurrencyExtras.build/Objects-normal/arm64/ConcurrencyExtras-linker-args.resp -Xlinker -add_ast_path -Xlinker /Users/chetankandpal/Library/Developer/Xcode/DerivedData/HairCure-bxfcalgpcrztptgmhmqbpxojsmjd/Build/Intermediates.noindex/swift-http-types.build/Debug-iphoneos/HTTPTypes.build/Objects-normal/arm64/HTTPTypes.swiftmodule @/Users/chetankandpal/Library/Developer/Xcode/DerivedData/HairCure-bxfcalgpcrztptgmhmqbpxojsmjd/Build/Intermediates.noindex/swift-http-types.build/Debug-iphoneos/HTTPTypes.build/Objects-normal/arm64/HTTPTypes-linker-args.resp -Xlinker -add_ast_path -Xlinker /Users/chetankandpal/Library/Developer/Xcode/DerivedData/HairCure-bxfcalgpcrztptgmhmqbpxojsmjd/Build/Intermediates.noindex/swift-clocks.build/Debug-iphoneos/Clocks.build/Objects-normal/arm64/Clocks.swiftmodule @/Users/chetankandpal/Library/Developer/Xcode/DerivedData/HairCure-bxfcalgpcrztptgmhmqbpxojsmjd/Build/Intermediates.noindex/swift-clocks.build/Debug-iphoneos/Clocks.build/Objects-normal/arm64/Clocks-linker-args.resp -Xlinker -add_ast_path -Xlinker /Users/chetankandpal/Library/Developer/Xcode/DerivedData/HairCure-bxfcalgpcrztptgmhmqbpxojsmjd/Build/Intermediates.noindex/xctest-dynamic-overlay.build/Debug-iphoneos/IssueReporting.build/Objects-normal/arm64/IssueReporting.swiftmodule @/Users/chetankandpal/Library/Developer/Xcode/DerivedData/HairCure-bxfcalgpcrztptgmhmqbpxojsmjd/Build/Intermediates.noindex/xctest-dynamic-overlay.build/Debug-iphoneos/IssueReporting.build/Objects-normal/arm64/IssueReporting-linker-args.resp -Xlinker -add_ast_path -Xlinker /Users/chetankandpal/Library/Developer/Xcode/DerivedData/HairCure-bxfcalgpcrztptgmhmqbpxojsmjd/Build/Intermediates.noindex/xctest-dynamic-overlay.build/Debug-iphoneos/IssueReportingPackageSupport.build/Objects-normal/arm64/IssueReportingPackageSupport.swiftmodule @/Users/chetankandpal/Library/Developer/Xcode/DerivedData/HairCure-bxfcalgpcrztptgmhmqbpxojsmjd/Build/Intermediates.noindex/xctest-dynamic-overlay.build/Debug-iphoneos/IssueReportingPackageSupport.build/Objects-normal/arm64/IssueReportingPackageSupport-linker-args.resp -Xlinker -add_ast_path -Xlinker /Users/chetankandpal/Library/Developer/Xcode/DerivedData/HairCure-bxfcalgpcrztptgmhmqbpxojsmjd/Build/Intermediates.noindex/xctest-dynamic-overlay.build/Debug-iphoneos/XCTestDynamicOverlay.build/Objects-normal/arm64/XCTestDynamicOverlay.swiftmodule @/Users/chetankandpal/Library/Developer/Xcode/DerivedData/HairCure-bxfcalgpcrztptgmhmqbpxojsmjd/Build/Intermediates.noindex/xctest-dynamic-overlay.build/Debug-iphoneos/XCTestDynamicOverlay.build/Objects-normal/arm64/XCTestDynamicOverlay-linker-args.resp -Xlinker -add_ast_path -Xlinker /Users/chetankandpal/Library/Developer/Xcode/DerivedData/HairCure-bxfcalgpcrztptgmhmqbpxojsmjd/Build/Intermediates.noindex/Supabase.build/Debug-iphoneos/Helpers.build/Objects-normal/arm64/Helpers.swiftmodule @/Users/chetankandpal/Library/Developer/Xcode/DerivedData/HairCure-bxfcalgpcrztptgmhmqbpxojsmjd/Build/Intermediates.noindex/Supabase.build/Debug-iphoneos/Helpers.build/Objects-normal/arm64/Helpers-linker-args.resp -Xlinker -add_ast_path -Xlinker /Users/chetankandpal/Library/Developer/Xcode/DerivedData/HairCure-bxfcalgpcrztptgmhmqbpxojsmjd/Build/Intermediates.noindex/swift-crypto.build/Debug-iphoneos/Crypto.build/Objects-normal/arm64/Crypto.swiftmodule @/Users/chetankandpal/Library/Developer/Xcode/DerivedData/HairCure-bxfcalgpcrztptgmhmqbpxojsmjd/Build/Intermediates.noindex/swift-crypto.build/Debug-iphoneos/Crypto.build/Objects-normal/arm64/Crypto-linker-args.resp -Xlinker -add_ast_path -Xlinker /Users/chetankandpal/Library/Developer/Xcode/DerivedData/HairCure-bxfcalgpcrztptgmhmqbpxojsmjd/Build/Intermediates.noindex/Supabase.build/Debug-iphoneos/Auth.build/Objects-normal/arm64/Auth.swiftmodule @/Users/chetankandpal/Library/Developer/Xcode/DerivedData/HairCure-bxfcalgpcrztptgmhmqbpxojsmjd/Build/Intermediates.noindex/Supabase.build/Debug-iphoneos/Auth.build/Objects-normal/arm64/Auth-linker-args.resp -Xlinker -add_ast_path -Xlinker /Users/chetankandpal/Library/Developer/Xcode/DerivedData/HairCure-bxfcalgpcrztptgmhmqbpxojsmjd/Build/Intermediates.noindex/Supabase.build/Debug-iphoneos/Functions.build/Objects-normal/arm64/Functions.swiftmodule @/Users/chetankandpal/Library/Developer/Xcode/DerivedData/HairCure-bxfcalgpcrztptgmhmqbpxojsmjd/Build/Intermediates.noindex/Supabase.build/Debug-iphoneos/Functions.build/Objects-normal/arm64/Functions-linker-args.resp -Xlinker -add_ast_path -Xlinker /Users/chetankandpal/Library/Developer/Xcode/DerivedData/HairCure-bxfcalgpcrztptgmhmqbpxojsmjd/Build/Intermediates.noindex/Supabase.build/Debug-iphoneos/PostgREST.build/Objects-normal/arm64/PostgREST.swiftmodule @/Users/chetankandpal/Library/Developer/Xcode/DerivedData/HairCure-bxfcalgpcrztptgmhmqbpxojsmjd/Build/Intermediates.noindex/Supabase.build/Debug-iphoneos/PostgREST.build/Objects-normal/arm64/PostgREST-linker-args.resp -Xlinker -add_ast_path -Xlinker /Users/chetankandpal/Library/Developer/Xcode/DerivedData/HairCure-bxfcalgpcrztptgmhmqbpxojsmjd/Build/Intermediates.noindex/Supabase.build/Debug-iphoneos/Realtime.build/Objects-normal/arm64/Realtime.swiftmodule @/Users/chetankandpal/Library/Developer/Xcode/DerivedData/HairCure-bxfcalgpcrztptgmhmqbpxojsmjd/Build/Intermediates.noindex/Supabase.build/Debug-iphoneos/Realtime.build/Objects-normal/arm64/Realtime-linker-args.resp -Xlinker -add_ast_path -Xlinker /Users/chetankandpal/Library/Developer/Xcode/DerivedData/HairCure-bxfcalgpcrztptgmhmqbpxojsmjd/Build/Intermediates.noindex/Supabase.build/Debug-iphoneos/Storage.build/Objects-normal/arm64/Storage.swiftmodule @/Users/chetankandpal/Library/Developer/Xcode/DerivedData/HairCure-bxfcalgpcrztptgmhmqbpxojsmjd/Build/Intermediates.noindex/Supabase.build/Debug-iphoneos/Storage.build/Objects-normal/arm64/Storage-linker-args.resp -Xlinker -add_ast_path -Xlinker /Users/chetankandpal/Library/Developer/Xcode/DerivedData/HairCure-bxfcalgpcrztptgmhmqbpxojsmjd/Build/Intermediates.noindex/GoogleSignIn.build/Debug-iphoneos/GoogleSignInSwift.build/Objects-normal/arm64/GoogleSignInSwift.swiftmodule @/Users/chetankandpal/Library/Developer/Xcode/DerivedData/HairCure-bxfcalgpcrztptgmhmqbpxojsmjd/Build/Intermediates.noindex/GoogleSignIn.build/Debug-iphoneos/GoogleSignInSwift.build/Objects-normal/arm64/GoogleSignInSwift-linker-args.resp

ConstructStubExecutorLinkFileList /Users/chetankandpal/Library/Developer/Xcode/DerivedData/HairCure-bxfcalgpcrztptgmhmqbpxojsmjd/Build/Intermediates.noindex/HairCure.build/Debug-iphoneos/HairCure.build/HairCure-ExecutorLinkFileList-normal-arm64.txt (in target 'HairCure' from project 'HairCure')
    cd /Users/chetankandpal/Documents/HairCare/HairCure1\ 2
    construct-stub-executor-link-file-list /Users/chetankandpal/Library/Developer/Xcode/DerivedData/HairCure-bxfcalgpcrztptgmhmqbpxojsmjd/Build/Products/Debug-iphoneos/HairCure.app/HairCure.debug.dylib /Applications/Xcode.app/Contents/Developer/Platforms/iPhoneOS.platform/Developer/usr/lib/libPreviewsJITStubExecutor_no_swift_entry_point.a /Applications/Xcode.app/Contents/Developer/Platforms/iPhoneOS.platform/Developer/usr/lib/libPreviewsJITStubExecutor.a --output /Users/chetankandpal/Library/Developer/Xcode/DerivedData/HairCure-bxfcalgpcrztptgmhmqbpxojsmjd/Build/Intermediates.noindex/HairCure.build/Debug-iphoneos/HairCure.build/HairCure-ExecutorLinkFileList-normal-arm64.txt
note: Using stub executor library with Swift entry point. (in target 'HairCure' from project 'HairCure')

Ld /Users/chetankandpal/Library/Developer/Xcode/DerivedData/HairCure-bxfcalgpcrztptgmhmqbpxojsmjd/Build/Products/Debug-iphoneos/HairCure.app/HairCure normal (in target 'HairCure' from project 'HairCure')
    cd /Users/chetankandpal/Documents/HairCare/HairCure1\ 2
    /Applications/Xcode.app/Contents/Developer/Toolchains/XcodeDefault.xctoolchain/usr/bin/clang -Xlinker -reproducible -target arm64-apple-ios26.0 -isysroot /Applications/Xcode.app/Contents/Developer/Platforms/iPhoneOS.platform/Developer/SDKs/iPhoneOS26.5.sdk -O0 -L/Users/chetankandpal/Library/Developer/Xcode/DerivedData/HairCure-bxfcalgpcrztptgmhmqbpxojsmjd/Build/Products/Debug-iphoneos -F/Users/chetankandpal/Library/Developer/Xcode/DerivedData/HairCure-bxfcalgpcrztptgmhmqbpxojsmjd/Build/Products/Debug-iphoneos/PackageFrameworks -F/Users/chetankandpal/Library/Developer/Xcode/DerivedData/HairCure-bxfcalgpcrztptgmhmqbpxojsmjd/Build/Products/Debug-iphoneos/PackageFrameworks -F/Users/chetankandpal/Library/Developer/Xcode/DerivedData/HairCure-bxfcalgpcrztptgmhmqbpxojsmjd/Build/Products/Debug-iphoneos/PackageFrameworks -F/Users/chetankandpal/Library/Developer/Xcode/DerivedData/HairCure-bxfcalgpcrztptgmhmqbpxojsmjd/Build/Products/Debug-iphoneos/PackageFrameworks -F/Users/chetankandpal/Library/Developer/Xcode/DerivedData/HairCure-bxfcalgpcrztptgmhmqbpxojsmjd/Build/Products/Debug-iphoneos/PackageFrameworks -F/Users/chetankandpal/Library/Developer/Xcode/DerivedData/HairCure-bxfcalgpcrztptgmhmqbpxojsmjd/Build/Products/Debug-iphoneos/PackageFrameworks -F/Users/chetankandpal/Library/Developer/Xcode/DerivedData/HairCure-bxfcalgpcrztptgmhmqbpxojsmjd/Build/Products/Debug-iphoneos/PackageFrameworks -F/Users/chetankandpal/Library/Developer/Xcode/DerivedData/HairCure-bxfcalgpcrztptgmhmqbpxojsmjd/Build/Products/Debug-iphoneos/PackageFrameworks -F/Users/chetankandpal/Library/Developer/Xcode/DerivedData/HairCure-bxfcalgpcrztptgmhmqbpxojsmjd/Build/Products/Debug-iphoneos/PackageFrameworks -F/Users/chetankandpal/Library/Developer/Xcode/DerivedData/HairCure-bxfcalgpcrztptgmhmqbpxojsmjd/Build/Products/Debug-iphoneos/PackageFrameworks -F/Users/chetankandpal/Library/Developer/Xcode/DerivedData/HairCure-bxfcalgpcrztptgmhmqbpxojsmjd/Build/Products/Debug-iphoneos/PackageFrameworks -F/Users/chetankandpal/Library/Developer/Xcode/DerivedData/HairCure-bxfcalgpcrztptgmhmqbpxojsmjd/Build/Products/Debug-iphoneos/PackageFrameworks -F/Users/chetankandpal/Library/Developer/Xcode/DerivedData/HairCure-bxfcalgpcrztptgmhmqbpxojsmjd/Build/Products/Debug-iphoneos/PackageFrameworks -F/Users/chetankandpal/Library/Developer/Xcode/DerivedData/HairCure-bxfcalgpcrztptgmhmqbpxojsmjd/Build/Products/Debug-iphoneos/PackageFrameworks -F/Users/chetankandpal/Library/Developer/Xcode/DerivedData/HairCure-bxfcalgpcrztptgmhmqbpxojsmjd/Build/Products/Debug-iphoneos/PackageFrameworks -F/Users/chetankandpal/Library/Developer/Xcode/DerivedData/HairCure-bxfcalgpcrztptgmhmqbpxojsmjd/Build/Products/Debug-iphoneos/PackageFrameworks -F/Users/chetankandpal/Library/Developer/Xcode/DerivedData/HairCure-bxfcalgpcrztptgmhmqbpxojsmjd/Build/Products/Debug-iphoneos/PackageFrameworks -F/Users/chetankandpal/Library/Developer/Xcode/DerivedData/HairCure-bxfcalgpcrztptgmhmqbpxojsmjd/Build/Products/Debug-iphoneos/PackageFrameworks -F/Users/chetankandpal/Library/Developer/Xcode/DerivedData/HairCure-bxfcalgpcrztptgmhmqbpxojsmjd/Build/Products/Debug-iphoneos/PackageFrameworks -F/Users/chetankandpal/Library/Developer/Xcode/DerivedData/HairCure-bxfcalgpcrztptgmhmqbpxojsmjd/Build/Products/Debug-iphoneos/PackageFrameworks -F/Users/chetankandpal/Library/Developer/Xcode/DerivedData/HairCure-bxfcalgpcrztptgmhmqbpxojsmjd/Build/Products/Debug-iphoneos/PackageFrameworks -F/Users/chetankandpal/Library/Developer/Xcode/DerivedData/HairCure-bxfcalgpcrztptgmhmqbpxojsmjd/Build/Products/Debug-iphoneos/PackageFrameworks -F/Users/chetankandpal/Library/Developer/Xcode/DerivedData/HairCure-bxfcalgpcrztptgmhmqbpxojsmjd/Build/Products/Debug-iphoneos/PackageFrameworks -F/Users/chetankandpal/Library/Developer/Xcode/DerivedData/HairCure-bxfcalgpcrztptgmhmqbpxojsmjd/Build/Products/Debug-iphoneos/PackageFrameworks -F/Users/chetankandpal/Library/Developer/Xcode/DerivedData/HairCure-bxfcalgpcrztptgmhmqbpxojsmjd/Build/Products/Debug-iphoneos/PackageFrameworks -F/Users/chetankandpal/Library/Developer/Xcode/DerivedData/HairCure-bxfcalgpcrztptgmhmqbpxojsmjd/Build/Products/Debug-iphoneos/PackageFrameworks -F/Users/chetankandpal/Library/Developer/Xcode/DerivedData/HairCure-bxfcalgpcrztptgmhmqbpxojsmjd/Build/Products/Debug-iphoneos -Xlinker -rpath -Xlinker @executable_path -Xlinker -rpath -Xlinker /Users/chetankandpal/Library/Developer/Xcode/DerivedData/HairCure-bxfcalgpcrztptgmhmqbpxojsmjd/Build/Products/Debug-iphoneos/PackageFrameworks -Xlinker -rpath -Xlinker @executable_path/Frameworks -rdynamic -Xlinker -no_deduplicate -e ___debug_blank_executor_main -Xlinker -sectcreate -Xlinker __TEXT -Xlinker __debug_dylib -Xlinker /Users/chetankandpal/Library/Developer/Xcode/DerivedData/HairCure-bxfcalgpcrztptgmhmqbpxojsmjd/Build/Intermediates.noindex/HairCure.build/Debug-iphoneos/HairCure.build/HairCure-DebugDylibPath-normal-arm64.txt -Xlinker -sectcreate -Xlinker __TEXT -Xlinker __debug_instlnm -Xlinker /Users/chetankandpal/Library/Developer/Xcode/DerivedData/HairCure-bxfcalgpcrztptgmhmqbpxojsmjd/Build/Intermediates.noindex/HairCure.build/Debug-iphoneos/HairCure.build/HairCure-DebugDylibInstallName-normal-arm64.txt -Xlinker -filelist -Xlinker /Users/chetankandpal/Library/Developer/Xcode/DerivedData/HairCure-bxfcalgpcrztptgmhmqbpxojsmjd/Build/Intermediates.noindex/HairCure.build/Debug-iphoneos/HairCure.build/HairCure-ExecutorLinkFileList-normal-arm64.txt /Users/chetankandpal/Library/Developer/Xcode/DerivedData/HairCure-bxfcalgpcrztptgmhmqbpxojsmjd/Build/Products/Debug-iphoneos/HairCure.app/HairCure.debug.dylib -Xlinker -no_adhoc_codesign -o /Users/chetankandpal/Library/Developer/Xcode/DerivedData/HairCure-bxfcalgpcrztptgmhmqbpxojsmjd/Build/Products/Debug-iphoneos/HairCure.app/HairCure

CopySwiftLibs /Users/chetankandpal/Library/Developer/Xcode/DerivedData/HairCure-bxfcalgpcrztptgmhmqbpxojsmjd/Build/Products/Debug-iphoneos/HairCure.app (in target 'HairCure' from project 'HairCure')
    cd /Users/chetankandpal/Documents/HairCare/HairCure1\ 2
    builtin-swiftStdLibTool --copy --verbose --sign C1205218B338CFE24E08FAABB709AD825CF8D267 --scan-executable /Users/chetankandpal/Library/Developer/Xcode/DerivedData/HairCure-bxfcalgpcrztptgmhmqbpxojsmjd/Build/Products/Debug-iphoneos/HairCure.app/HairCure.debug.dylib --scan-folder /Users/chetankandpal/Library/Developer/Xcode/DerivedData/HairCure-bxfcalgpcrztptgmhmqbpxojsmjd/Build/Products/Debug-iphoneos/HairCure.app/Frameworks --scan-folder /Users/chetankandpal/Library/Developer/Xcode/DerivedData/HairCure-bxfcalgpcrztptgmhmqbpxojsmjd/Build/Products/Debug-iphoneos/HairCure.app/PlugIns --scan-folder /Users/chetankandpal/Library/Developer/Xcode/DerivedData/HairCure-bxfcalgpcrztptgmhmqbpxojsmjd/Build/Products/Debug-iphoneos/HairCure.app/SystemExtensions --scan-folder /Users/chetankandpal/Library/Developer/Xcode/DerivedData/HairCure-bxfcalgpcrztptgmhmqbpxojsmjd/Build/Products/Debug-iphoneos/HairCure.app/Extensions --platform iphoneos --toolchain /Applications/Xcode.app/Contents/Developer/Toolchains/XcodeDefault.xctoolchain --destination /Users/chetankandpal/Library/Developer/Xcode/DerivedData/HairCure-bxfcalgpcrztptgmhmqbpxojsmjd/Build/Products/Debug-iphoneos/HairCure.app/Frameworks --strip-bitcode --strip-bitcode-tool /Applications/Xcode.app/Contents/Developer/Toolchains/XcodeDefault.xctoolchain/usr/bin/bitcode_strip --emit-dependency-info /Users/chetankandpal/Library/Developer/Xcode/DerivedData/HairCure-bxfcalgpcrztptgmhmqbpxojsmjd/Build/Intermediates.noindex/HairCure.build/Debug-iphoneos/HairCure.build/SwiftStdLibToolInputDependencies.dep --filter-for-swift-os

ExtractAppIntentsMetadata (in target 'HairCure' from project 'HairCure')
    cd /Users/chetankandpal/Documents/HairCare/HairCure1\ 2
    /Applications/Xcode.app/Contents/Developer/Toolchains/XcodeDefault.xctoolchain/usr/bin/appintentsmetadataprocessor --toolchain-dir /Applications/Xcode.app/Contents/Developer/Toolchains/XcodeDefault.xctoolchain --module-name HairCure --sdk-root /Applications/Xcode.app/Contents/Developer/Platforms/iPhoneOS.platform/Developer/SDKs/iPhoneOS26.5.sdk --xcode-version 17F42 --platform-family iOS --deployment-target 26.0 --bundle-identifier abc.haiRcure02 --output /Users/chetankandpal/Library/Developer/Xcode/DerivedData/HairCure-bxfcalgpcrztptgmhmqbpxojsmjd/Build/Products/Debug-iphoneos/HairCure.app --target-triple arm64-apple-ios26.0 --binary-file /Users/chetankandpal/Library/Developer/Xcode/DerivedData/HairCure-bxfcalgpcrztptgmhmqbpxojsmjd/Build/Products/Debug-iphoneos/HairCure.app/HairCure --dependency-file /Users/chetankandpal/Library/Developer/Xcode/DerivedData/HairCure-bxfcalgpcrztptgmhmqbpxojsmjd/Build/Intermediates.noindex/HairCure.build/Debug-iphoneos/HairCure.build/Objects-normal/arm64/HairCure_dependency_info.dat --stringsdata-file /Users/chetankandpal/Library/Developer/Xcode/DerivedData/HairCure-bxfcalgpcrztptgmhmqbpxojsmjd/Build/Intermediates.noindex/HairCure.build/Debug-iphoneos/HairCure.build/Objects-normal/arm64/ExtractedAppShortcutsMetadata.stringsdata --source-file-list /Users/chetankandpal/Library/Developer/Xcode/DerivedData/HairCure-bxfcalgpcrztptgmhmqbpxojsmjd/Build/Intermediates.noindex/HairCure.build/Debug-iphoneos/HairCure.build/Objects-normal/arm64/HairCure.SwiftFileList --metadata-file-list /Users/chetankandpal/Library/Developer/Xcode/DerivedData/HairCure-bxfcalgpcrztptgmhmqbpxojsmjd/Build/Intermediates.noindex/HairCure.build/Debug-iphoneos/HairCure.build/HairCure.DependencyMetadataFileList --static-metadata-file-list /Users/chetankandpal/Library/Developer/Xcode/DerivedData/HairCure-bxfcalgpcrztptgmhmqbpxojsmjd/Build/Intermediates.noindex/HairCure.build/Debug-iphoneos/HairCure.build/HairCure.DependencyStaticMetadataFileList --swift-const-vals-list /Users/chetankandpal/Library/Developer/Xcode/DerivedData/HairCure-bxfcalgpcrztptgmhmqbpxojsmjd/Build/Intermediates.noindex/HairCure.build/Debug-iphoneos/HairCure.build/Objects-normal/arm64/HairCure.SwiftConstValuesFileList --compile-time-extraction --deployment-aware-processing --validate-assistant-intents --no-app-shortcuts-localization
2026-06-16 14:24:36.046 appintentsmetadataprocessor[6217:100889] Starting appintentsmetadataprocessor export
2026-06-16 14:24:36.050 appintentsmetadataprocessor[6217:100889] warning: Metadata extraction skipped. No AppIntents.framework dependency found.

AppIntentsSSUTraining (in target 'HairCure' from project 'HairCure')
    cd /Users/chetankandpal/Documents/HairCare/HairCure1\ 2
    /Applications/Xcode.app/Contents/Developer/Toolchains/XcodeDefault.xctoolchain/usr/bin/appintentsnltrainingprocessor --infoplist-path /Users/chetankandpal/Library/Developer/Xcode/DerivedData/HairCure-bxfcalgpcrztptgmhmqbpxojsmjd/Build/Products/Debug-iphoneos/HairCure.app/Info.plist --temp-dir-path /Users/chetankandpal/Library/Developer/Xcode/DerivedData/HairCure-bxfcalgpcrztptgmhmqbpxojsmjd/Build/Intermediates.noindex/HairCure.build/Debug-iphoneos/HairCure.build/ssu --bundle-id abc.haiRcure02 --product-path /Users/chetankandpal/Library/Developer/Xcode/DerivedData/HairCure-bxfcalgpcrztptgmhmqbpxojsmjd/Build/Products/Debug-iphoneos/HairCure.app --extracted-metadata-path /Users/chetankandpal/Library/Developer/Xcode/DerivedData/HairCure-bxfcalgpcrztptgmhmqbpxojsmjd/Build/Products/Debug-iphoneos/HairCure.app/Metadata.appintents --metadata-file-list /Users/chetankandpal/Library/Developer/Xcode/DerivedData/HairCure-bxfcalgpcrztptgmhmqbpxojsmjd/Build/Intermediates.noindex/HairCure.build/Debug-iphoneos/HairCure.build/HairCure.DependencyMetadataFileList --source-file /Users/chetankandpal/Library/Developer/Xcode/DerivedData/HairCure-bxfcalgpcrztptgmhmqbpxojsmjd/Build/Products/Debug-iphoneos/HairCure.app/Info.plist --archive-ssu-assets
2026-06-16 14:24:36.065 appintentsnltrainingprocessor[6218:100890] Parsing options for appintentsnltrainingprocessor
2026-06-16 14:24:36.065 appintentsnltrainingprocessor[6218:100890] Starting AppIntents SSU YAML Generation
2026-06-16 14:24:36.069 appintentsnltrainingprocessor[6218:100890] No AppShortcuts found - Skipping.

CodeSign /Users/chetankandpal/Library/Developer/Xcode/DerivedData/HairCure-bxfcalgpcrztptgmhmqbpxojsmjd/Build/Products/Debug-iphoneos/HairCure.app/HairCure.debug.dylib (in target 'HairCure' from project 'HairCure')
    cd /Users/chetankandpal/Documents/HairCare/HairCure1\ 2
    
    Signing Identity:     "Apple Development: chetan1112005@gmail.com (LH354ZD5FF)"
    Provisioning Profile: "iOS Team Provisioning Profile: abc.haiRcure02"
                          (31bb7c8a-c744-4541-a3cf-abd19348a2fc)
    
    /usr/bin/codesign --force --sign C1205218B338CFE24E08FAABB709AD825CF8D267 --timestamp\=none --generate-entitlement-der /Users/chetankandpal/Library/Developer/Xcode/DerivedData/HairCure-bxfcalgpcrztptgmhmqbpxojsmjd/Build/Products/Debug-iphoneos/HairCure.app/HairCure.debug.dylib

CodeSign /Users/chetankandpal/Library/Developer/Xcode/DerivedData/HairCure-bxfcalgpcrztptgmhmqbpxojsmjd/Build/Products/Debug-iphoneos/HairCure.app/__preview.dylib (in target 'HairCure' from project 'HairCure')
    cd /Users/chetankandpal/Documents/HairCare/HairCure1\ 2
    
    Signing Identity:     "Apple Development: chetan1112005@gmail.com (LH354ZD5FF)"
    Provisioning Profile: "iOS Team Provisioning Profile: abc.haiRcure02"
                          (31bb7c8a-c744-4541-a3cf-abd19348a2fc)
    
    /usr/bin/codesign --force --sign C1205218B338CFE24E08FAABB709AD825CF8D267 --timestamp\=none --generate-entitlement-der /Users/chetankandpal/Library/Developer/Xcode/DerivedData/HairCure-bxfcalgpcrztptgmhmqbpxojsmjd/Build/Products/Debug-iphoneos/HairCure.app/__preview.dylib
/Users/chetankandpal/Library/Developer/Xcode/DerivedData/HairCure-bxfcalgpcrztptgmhmqbpxojsmjd/Build/Products/Debug-iphoneos/HairCure.app/__preview.dylib: replacing existing signature

CodeSign /Users/chetankandpal/Library/Developer/Xcode/DerivedData/HairCure-bxfcalgpcrztptgmhmqbpxojsmjd/Build/Products/Debug-iphoneos/HairCure.app (in target 'HairCure' from project 'HairCure')
    cd /Users/chetankandpal/Documents/HairCare/HairCure1\ 2
    
    Signing Identity:     "Apple Development: chetan1112005@gmail.com (LH354ZD5FF)"
    Provisioning Profile: "iOS Team Provisioning Profile: abc.haiRcure02"
                          (31bb7c8a-c744-4541-a3cf-abd19348a2fc)
    
    /usr/bin/codesign --force --sign C1205218B338CFE24E08FAABB709AD825CF8D267 --entitlements /Users/chetankandpal/Library/Developer/Xcode/DerivedData/HairCure-bxfcalgpcrztptgmhmqbpxojsmjd/Build/Intermediates.noindex/HairCure.build/Debug-iphoneos/HairCure.build/HairCure.app.xcent --timestamp\=none --generate-entitlement-der /Users/chetankandpal/Library/Developer/Xcode/DerivedData/HairCure-bxfcalgpcrztptgmhmqbpxojsmjd/Build/Products/Debug-iphoneos/HairCure.app

Validate /Users/chetankandpal/Library/Developer/Xcode/DerivedData/HairCure-bxfcalgpcrztptgmhmqbpxojsmjd/Build/Products/Debug-iphoneos/HairCure.app (in target 'HairCure' from project 'HairCure')
    cd /Users/chetankandpal/Documents/HairCare/HairCure1\ 2
    builtin-validationUtility /Users/chetankandpal/Library/Developer/Xcode/DerivedData/HairCure-bxfcalgpcrztptgmhmqbpxojsmjd/Build/Products/Debug-iphoneos/HairCure.app -shallow-bundle -infoplist-subpath Info.plist

** BUILD SUCCEEDED **

